,Currency,time_period_start,price_open,price_high,price_low,price_close,volume_traded,trades_count
0,BTC,2015-01-01,322.31,335.84,310.971,316.71,12963.63510129,20985.0
1,BTC,2015-01-02,316.71,332.85,311.0,318.41,12568.15935029,20202.0
2,BTC,2015-01-03,318.41,323.88,276.11,282.0,90097.87793102,64187.0
3,BTC,2015-01-04,278.04,300.16,255.0,267.98,155505.19330483,91625.0
4,BTC,2015-01-05,267.88,305.09,252.31554,274.42,78860.75481812,52263.0
5,BTC,2015-01-06,271.862,296.9,260.00001,288.43,53510.45242616,41324.0
6,BTC,2015-01-07,288.36,303.83,269.00001,293.55,50215.15122763,39804.0
7,BTC,2015-01-08,293.524,298.58,282.01,285.64,45899.95630367,41510.0
8,BTC,2015-01-09,286.38,305.0,272.45,290.57,51793.39356677,46212.0
9,BTC,2015-01-10,285.983,304.31,267.301,277.43,65552.76090772,59540.0
10,BTC,2015-01-11,276.01,283.84,260.101,263.849,47569.85946486,52157.0
11,BTC,2015-01-12,262.954,292.0,257.2,267.42,48797.02350021,57436.0
12,BTC,2015-01-13,263.933,318.99,211.99,227.0,265419.0515981,172241.0
13,BTC,2015-01-14,220.682,263.36,110.2,171.41,465471.1288729,248090.0
14,BTC,2015-01-15,170.0,292.03,150.0,209.06,324129.07084662,200071.0
15,BTC,2015-01-16,209.05,249.0,189.0,208.5,143568.06496902,118948.0
16,BTC,2015-01-17,208.52,242.0,184.0,199.69,86597.85881662,73234.0
17,BTC,2015-01-18,201.08,234.8,192.0,211.03,106537.93222388,86227.0
18,BTC,2015-01-19,210.98,229.99,204.0,210.86,63557.72160022,69196.0
19,BTC,2015-01-20,215.17,229.9,201.98,208.528,84963.61658488,60678.0
20,BTC,2015-01-21,212.28,231.85,205.0,223.566,106911.59306315,66090.0
21,BTC,2015-01-22,229.82,257.73,216.59,234.7,108447.39082459,79632.0
22,BTC,2015-01-23,228.826,259.87,215.0,232.93,78202.70388234,58109.0
23,BTC,2015-01-24,233.37,259.67,215.0,244.524,75416.58618773,68630.0
24,BTC,2015-01-25,246.84,265.0,239.013,254.73,103318.93607108,78936.0
25,BTC,2015-01-26,253.29,343.0,240.62,276.01,324891.04104697,189075.0
26,BTC,2015-01-27,262.62,312.0,205.00002,265.09,130138.70910603,93440.0
27,BTC,2015-01-28,252.58,299.47,212.007,234.5,150668.11307602,98458.0
28,BTC,2015-01-29,234.49,268.56,213.014,233.76,118823.66909675,87669.0
29,BTC,2015-01-30,233.76,264.33,215.9,228.98,98341.87208489,68680.0
30,BTC,2015-01-31,226.45,387.7,212.699,220.68,91127.98485902,64786.0
31,BTC,2015-02-01,214.597,247.99,208.0,230.13,102467.53602681,88246.0
32,BTC,2015-02-02,230.16,261.25,218.013,233.341,95108.17764187,78775.0
33,BTC,2015-02-03,238.86,255.0,220.603,223.52,134039.14974761,99418.0
34,BTC,2015-02-04,228.77,244.99,217.802,227.0,88169.73804305,81171.0
35,BTC,2015-02-05,227.78,234.09,210.12,218.73,74920.61886781,63883.0
36,BTC,2015-02-06,218.6,245.0,210.59,222.65,70550.069169,68307.0
37,BTC,2015-02-07,223.2,243.87,217.703,228.8,64876.81264414,58522.0
38,BTC,2015-02-08,228.8,244.9,217.28,224.98,56860.21285637,54490.0
39,BTC,2015-02-09,223.92,248.83,212.666,220.48,92859.60518415,73961.0
40,BTC,2015-02-10,222.01,234.99,213.0,222.83,58653.23869683,57221.0
41,BTC,2015-02-11,222.83,227.94,205.0,219.55,53992.43308117,53749.0
42,BTC,2015-02-12,222.08,226.42,214.39,224.85,47079.96523408,47826.0
43,BTC,2015-02-13,222.39,244.8,207.0,239.37,136999.39026494,93413.0
44,BTC,2015-02-14,236.93,263.63,228.0,256.64,165675.73494477,99470.0
45,BTC,2015-02-15,256.64,271.46,220.0,235.54,234456.66036312,120839.0
46,BTC,2015-02-16,232.0,258.1,224.266,231.605,117582.75492116,82226.0
47,BTC,2015-02-17,234.21,265.63,229.865,239.986,116737.710237,83024.0
48,BTC,2015-02-18,245.97,249.49,228.01,236.27,106987.72806436,76236.0
49,BTC,2015-02-19,236.26,254.54,231.06,235.3,74166.56896363,61471.0
50,BTC,2015-02-20,240.2,252.32,231.12,244.75,93659.70164976,66831.0
51,BTC,2015-02-21,238.007,264.0,235.753,247.19,47909.21335804,46104.0
52,BTC,2015-02-22,244.54,260.0,224.721,236.5,79101.27557315,64230.0
53,BTC,2015-02-23,236.83,247.0,225.0,239.49,65998.80509497,67976.0
54,BTC,2015-02-24,239.63,244.99,227.776,232.1,53997.37601962,60637.0
55,BTC,2015-02-25,232.1,243.84,228.782,237.4,44267.64409352,50567.0
56,BTC,2015-02-26,241.63,249.7,228.0,236.8,45077.865393,49850.0
57,BTC,2015-02-27,237.21,265.22,230.54,246.303,172431.6822012,124055.0
58,BTC,2015-02-28,254.65,257.4,243.68,255.61,50415.57952258,59940.0
59,BTC,2015-03-01,256.04,266.91,238.0,253.389,93905.5461573,76756.0
60,BTC,2015-03-02,252.682,279.99798,247.0,277.41,146538.02793142,102388.0
61,BTC,2015-03-03,277.3,303.01,262.001,283.25,171247.21807993,117367.0
62,BTC,2015-03-04,283.8,290.99,261.0,268.651,141692.53612573,106755.0
63,BTC,2015-03-05,268.001,290.97,259.0,275.52,135773.76128983,88011.0
64,BTC,2015-03-06,271.48,280.0,260.00005,272.75,101190.5592593,72518.0
65,BTC,2015-03-07,273.03,283.49,267.021,276.17,62665.37660234,52231.0
66,BTC,2015-03-08,276.86,280.49,270.0,275.02,52100.75904179,51462.0
67,BTC,2015-03-09,275.47,300.0,267.69,291.0,159083.77747668,94094.0
68,BTC,2015-03-10,290.18,324.41,267.69,291.0,149924.51441597,101136.0
69,BTC,2015-03-11,292.64,312.11,285.013,296.54,77803.78524957,70348.0
70,BTC,2015-03-12,296.6,307.29,289.0,294.08,73490.69597129,63473.0
71,BTC,2015-03-13,295.87,304.49,272.0,282.678,95959.04282928,70123.0
72,BTC,2015-03-14,283.18,297.0,272.25,282.4,57098.83383132,62560.0
73,BTC,2015-03-15,282.91,300.07,274.15,285.19,39883.45587071,48707.0
74,BTC,2015-03-16,287.43,303.11,280.368,287.527,70999.08095287,64872.0
75,BTC,2015-03-17,291.24,298.97,279.774,285.78,69193.50221416,56414.0
76,BTC,2015-03-18,282.8,292.7,244.0,257.21,212406.13341179,119435.0
77,BTC,2015-03-19,255.65,280.86996,243.0,263.03,186753.18956684,104075.0
78,BTC,2015-03-20,256.4,272.69,233.79,262.02,55718.46279715,57356.0
79,BTC,2015-03-21,261.92,270.0,251.987,261.82,52308.91193186,53499.0
80,BTC,2015-03-22,260.14,277.42,257.433,269.44,59376.08569143,48094.0
81,BTC,2015-03-23,268.43,280.2,256.6,266.6,81687.93377494,76718.0
82,BTC,2015-03-24,263.339,275.53,240.02,245.16,159421.32190468,101005.0
83,BTC,2015-03-25,245.633,260.0,234.07,246.88,129488.9707924,82656.0
84,BTC,2015-03-26,247.06,268.99998,241.0,247.79,90333.31960874,62237.0
85,BTC,2015-03-27,249.21,257.99,242.65,247.94,62020.66166773,53222.0
86,BTC,2015-03-28,247.22,263.27,244.252,253.0,54291.58655535,47760.0
87,BTC,2015-03-29,253.0,259.99,236.0,242.63,80247.98610926,64621.0
88,BTC,2015-03-30,242.9,268.99959,234.083,245.067,85616.49468638,66101.0
89,BTC,2015-03-31,247.95,261.99,238.0,244.34,75360.60204181,58263.0
90,BTC,2015-04-01,243.32,261.98,236.914,246.69,69380.73119147,55930.0
91,BTC,2015-04-02,246.68,259.97,238.972,249.0,81125.68613947,56712.0
92,BTC,2015-04-03,253.33,263.99,248.0,254.19,70558.18808167,51197.0
93,BTC,2015-04-04,254.19,264.19,246.61,254.36,32959.75040844,35446.0
94,BTC,2015-04-05,250.126,266.73,247.0,261.18,59249.65067501,42704.0
95,BTC,2015-04-06,260.75,269.95,248.0,255.99,61558.77426938,44287.0
96,BTC,2015-04-07,250.0,261.4,243.5,253.79,51730.04540074,55283.0
97,BTC,2015-04-08,253.79,263.63,240.06,245.01,102432.10164531,68575.0
98,BTC,2015-04-09,244.58,279.7,235.616,243.81,69903.14476724,56348.0
99,BTC,2015-04-10,243.96,258.01,228.904,236.16,100430.91406848,69197.0
100,ETH,2016-03-09,10.297,11.197,10.097,11.197,41.169523,17.0
101,ETH,2016-03-10,11.072,11.85,11.072,11.75,1.03,5.0
102,ETH,2016-03-11,11.85,11.95,11.8,11.95,50.846991,12.0
103,ETH,2016-03-12,11.95,13.45,11.95,12.918,237.777041,101.0
104,ETH,2016-03-13,13.45,15.074,13.45,14.456,379.267469,105.0
105,ETH,2016-03-14,14.531,14.95,11.4,12.403,27906.0234602,2093.0
106,ETH,2016-03-15,12.42,13.421,11.98,13.1,12996.17932557,2239.0
107,ETH,2016-03-16,13.1,13.89,12.409,12.548,6127.95278401,1298.0
108,ETH,2016-03-17,12.548,12.62,10.436,11.06,26283.32875592,2081.0
109,ETH,2016-03-18,11.08,11.198,8.338,10.99,45397.82847261,3223.0
110,ETH,2016-03-19,10.99,11.17,9.776,10.573,20588.72235951,1330.0
111,ETH,2016-03-20,10.589,10.881,9.559,10.268,9578.3617029,866.0
112,ETH,2016-03-21,10.219,12.048,10.14,11.8,11712.71193211,948.0
113,ETH,2016-03-22,11.819,11.967,11.075,11.201,7852.67909554,805.0
114,ETH,2016-03-23,11.222,12.429,11.201,12.42,7704.35809232,889.0
115,ETH,2016-03-24,12.44,12.47,10.679,11.18,14850.03308014,1268.0
116,ETH,2016-03-25,11.231,11.353,10.52,10.661,12480.83224585,888.0
117,ETH,2016-03-26,10.661,11.2,10.58,11.012,4485.9518802,585.0
118,ETH,2016-03-27,10.981,10.981,10.172,10.407,15987.42073656,1358.0
119,ETH,2016-03-28,10.446,11.938,10.4,11.7,22206.94135461,1585.0
120,ETH,2016-03-29,11.777,11.883,11.365,11.658,13840.37317023,1065.0
121,ETH,2016-03-30,11.615,12.3,11.5,11.848,10370.32585488,685.0
122,ETH,2016-03-31,11.864,12.015,11.29,11.386,9481.14428797,791.0
123,ETH,2016-04-01,11.391,11.942,11.391,11.624,6350.58160783,564.0
124,ETH,2016-04-02,11.651,11.765,11.426,11.658,3477.60147772,462.0
125,ETH,2016-04-03,11.61,11.76,11.4,11.61,5388.04478383,651.0
126,ETH,2016-04-04,11.61,11.665,10.881,11.15,11117.23678044,873.0
127,ETH,2016-04-05,11.104,11.108,10.7,10.858,2626.3475501,349.0
128,ETH,2016-04-06,10.708,10.89,10.62,10.62,1868.011131,152.0
129,ETH,2016-04-07,10.692,10.847,9.405,10.137,14509.44804272,478.0
130,ETH,2016-04-08,10.06,10.34,9.6,9.71,7427.29123427,426.0
131,ETH,2016-04-09,9.72,10.197,9.0,9.137,18728.01794027,1050.0
132,ETH,2016-04-10,9.204,9.43,7.52,8.931,53033.26597244,2689.0
133,ETH,2016-04-11,8.9299,8.9329,8.01,8.699,17467.14943678,806.0
134,ETH,2016-04-12,8.65,8.65,7.211,7.52,19081.8021033,1117.0
135,ETH,2016-04-13,7.465,8.8,6.855,8.05,40694.69018074,2004.0
136,ETH,2016-04-14,8.053,8.86,8.0,8.47,10384.73049946,875.0
137,ETH,2016-04-15,8.45,8.69,8.1,8.3199,8740.38986439,1017.0
138,ETH,2016-04-16,8.296,8.68,8.1829,8.67,9202.43718581,568.0
139,ETH,2016-04-17,8.616,10.899,8.589,9.29,28086.27844329,2374.0
140,ETH,2016-04-18,9.29,9.55,8.908,9.03,1844.2846376,172.0
141,ETH,2016-04-19,9.053,9.379,8.6501,8.77,10791.83078348,853.0
142,ETH,2016-04-20,8.7401,9.047,8.3501,8.5054,48848.64435418,3231.0
143,ETH,2016-04-21,8.5,8.8,8.0,8.189,12852.96265137,810.0
144,ETH,2016-04-22,8.2247,8.409,7.73,7.91,28045.6965054,1770.0
145,ETH,2016-04-23,7.909,8.8,7.807,8.399,26012.32873108,1911.0
146,ETH,2016-04-24,8.3484,8.5,8.01,8.1919,14892.63073637,1120.0
147,ETH,2016-04-25,8.1735,8.1735,7.3218,7.56,59461.4270729,2171.0
148,ETH,2016-04-26,7.56,7.599,7.1205,7.42,36991.45265187,2056.0
149,ETH,2016-04-27,7.398,7.99,7.314,7.837,26507.98546458,1445.0
150,ETH,2016-04-28,7.75,7.87,7.15,7.164,21318.55339433,1194.0
151,ETH,2016-04-29,7.165,7.72,7.163,7.402,14690.33717072,1147.0
152,ETH,2016-04-30,7.4351,9.36,7.4351,8.7208,77451.84844566,4116.0
153,ETH,2016-05-01,8.727,8.998,8.3503,8.7911,21749.50612689,1650.0
154,ETH,2016-05-02,8.83,11.0,8.633,10.079,86011.75784283,4070.0
155,ETH,2016-05-03,10.079,10.079,7.15,9.371,39584.14535068,2045.0
156,ETH,2016-05-04,9.381,9.9991,9.253,9.361,21599.69965215,1166.0
157,ETH,2016-05-05,9.4,10.0,9.3,9.75,19098.15404309,1323.0
158,ETH,2016-05-06,9.779,9.9768,9.1202,9.4325,26734.75613335,1639.0
159,ETH,2016-05-07,9.45,9.644,9.2,9.408,9633.25179968,650.0
160,ETH,2016-05-08,9.408,9.64,9.0,9.51,23125.10488319,1484.0
161,ETH,2016-05-09,9.5,12.0,9.252,9.361,23928.93341228,1384.0
162,ETH,2016-05-10,9.36,11.0,9.28,9.4,5680.08647805,494.0
163,ETH,2016-05-11,9.3971,9.98,9.391,9.93,31482.9374067,1852.0
164,ETH,2016-05-12,9.93,10.472,9.79,10.07,41337.27258813,2833.0
165,ETH,2016-05-13,10.065,11.11,10.065,10.564,56862.22327222,2900.0
166,ETH,2016-05-14,10.564,10.675,9.71,10.25,34420.82496343,2434.0
167,ETH,2016-05-15,10.25,10.42,9.934,10.008,12209.32881552,1223.0
168,ETH,2016-05-16,9.968,11.47,9.968,11.161,74677.8318477,2843.0
169,ETH,2016-05-17,11.12,12.6,11.098,12.174,154910.00199713,5605.0
170,ETH,2016-05-18,12.162,14.4,12.162,13.595,124398.04624164,5448.0
171,ETH,2016-05-19,13.532,14.75,13.203,14.7,116892.27269802,5965.0
172,ETH,2016-05-20,14.7,14.89,13.31,13.571,100810.08413048,5401.0
173,ETH,2016-05-21,13.572,14.052,13.01,14.05,60939.37302975,2069.0
174,ETH,2016-05-22,14.04,14.51,13.624,14.21,35618.77513724,2332.0
175,ETH,2016-05-23,14.224,14.49,13.3,13.509,51214.93403587,2833.0
176,ETH,2016-05-24,13.38,13.82,12.0,12.8,126111.78057384,5342.0
177,ETH,2016-05-25,12.8,13.0,11.8,12.522,71337.20795486,4478.0
178,ETH,2016-05-26,12.5,13.067,12.13,12.413,62391.50286748,2881.0
179,ETH,2016-05-27,12.469,12.499,10.525,11.262,188598.22120888,9384.0
180,ETH,2016-05-28,11.241,11.336,10.384,11.092,65584.22253832,2377.0
181,ETH,2016-05-29,12.502,12.89,12.269,12.45,48873.34670976,1292.0
182,ETH,2016-05-30,12.482,12.81,12.3,12.746,37001.8576632,2362.0
183,ETH,2016-05-31,12.727,14.3,12.6,14.13,154244.82896907,4845.0
184,ETH,2016-06-01,14.131,14.3,13.46,13.945,86596.08853878,3367.0
185,ETH,2016-06-02,13.94,14.029,13.608,13.77,45433.30358759,1580.0
186,ETH,2016-06-03,13.818,13.99,13.42,13.94,57902.82501313,3115.0
187,ETH,2016-06-04,13.94,13.962,13.404,13.701,40804.62560526,1669.0
188,ETH,2016-06-05,13.787,13.969,13.686,13.895,16549.05005117,1142.0
189,ETH,2016-06-06,13.97,14.193,13.801,13.949,33303.74277223,2211.0
190,ETH,2016-06-07,13.949,14.697,13.88,14.601,60569.2923888,3219.0
191,ETH,2016-06-08,14.61,14.89,14.3,14.41,78019.60439456,4124.0
192,ETH,2016-06-09,14.41,14.7,14.374,14.494,20831.69525592,1621.0
193,ETH,2016-06-10,14.494,14.51,13.561,13.91,70168.92572232,2771.0
194,ETH,2016-06-11,13.93,14.383,13.81,14.1,44048.86490198,4889.0
195,ETH,2016-06-12,14.36,16.087,13.92,15.778,185096.52446408,7860.0
196,ETH,2016-06-13,15.778,17.93,15.49,17.789,284071.12233698,11243.0
197,ETH,2016-06-14,17.635,19.41,16.0,18.75,373340.69369218,14770.0
198,ETH,2016-06-15,18.75,18.81,17.55,18.247,119451.29703125,6391.0
199,ETH,2016-06-16,18.278,21.35,18.278,20.99,324184.84350455,11884.0
200,XRP,2017-01-25,0.00645,0.0065,0.00645,0.00649,535232.11676851,52.0
201,XRP,2017-01-26,0.0065,0.0065,0.00638,0.00638,366651.31917298,30.0
202,XRP,2017-02-01,0.00642,0.00642,0.00642,0.00642,12834.83629132,3.0
203,XRP,2017-02-07,0.00643,0.00643,0.00626,0.00641,375493.55722066,59.0
204,XRP,2017-02-08,0.00635,0.00648,0.00608,0.00635,3180307.94070845,210.0
205,XRP,2017-02-09,0.00633,0.00643,0.00609,0.00633,3668016.47336572,258.0
206,XRP,2017-02-10,0.00626,0.00635,0.00595,0.00631,3304346.37356864,200.0
207,XRP,2017-02-11,0.00631,0.0064,0.00627,0.00638,935322.4501749,52.0
208,XRP,2017-02-12,0.00638,0.00641,0.00627,0.00627,394667.02316645,32.0
209,XRP,2017-02-13,0.00635,0.00635,0.0062,0.00624,4064556.7126455,252.0
210,XRP,2017-02-14,0.00625,0.00638,0.00621,0.00622,3732586.65985723,197.0
211,XRP,2017-02-15,0.00628,0.00629,0.00593,0.0061,6668402.96218602,309.0
212,XRP,2017-02-16,0.00601,0.00636,0.005,0.00593,27743846.73660316,1111.0
213,XRP,2017-02-17,0.00589,0.00611,0.00546,0.00587,17541861.16363875,618.0
214,XRP,2017-02-18,0.0059,0.006,0.005,0.00554,11327977.29138772,377.0
215,XRP,2017-02-19,0.00556,0.00591,0.00551,0.00591,1504903.37659945,122.0
216,XRP,2017-02-20,0.00591,0.00597,0.00565,0.00596,2998005.52623867,173.0
217,XRP,2017-02-21,0.00596,0.00596,0.00571,0.00585,2163503.54869107,103.0
218,XRP,2017-02-22,0.00589,0.00595,0.00581,0.00583,3241254.95643253,79.0
219,XRP,2017-02-23,0.00582,0.00594,0.00574,0.00585,4768633.11031541,166.0
220,XRP,2017-02-24,0.00584,0.00595,0.0055,0.0056,3323913.32556931,265.0
221,XRP,2017-02-25,0.00571,0.00583,0.0056,0.00563,918396.35667594,134.0
222,XRP,2017-02-26,0.00565,0.00573,0.00562,0.00566,468461.13350097,23.0
223,XRP,2017-02-27,0.0057,0.0057,0.00556,0.00556,1400351.05692715,55.0
224,XRP,2017-02-28,0.00558,0.0057,0.00531,0.00557,6349357.05194869,341.0
225,XRP,2017-03-01,0.00555,0.00558,0.00525,0.00539,5703754.55116686,269.0
226,XRP,2017-03-02,0.00531,0.00635,0.00531,0.00606,24300660.96874801,953.0
227,XRP,2017-03-03,0.00604,0.00651,0.00592,0.00649,11877749.38042653,521.0
228,XRP,2017-03-04,0.00649,0.00668,0.0062,0.0062,4581328.2146564,238.0
229,XRP,2017-03-05,0.0062,0.0063,0.00601,0.00604,2896435.72740019,155.0
230,XRP,2017-03-06,0.00603,0.00618,0.00599,0.00604,1824633.52534607,98.0
231,XRP,2017-03-07,0.00611,0.00687,0.00589,0.00673,16244643.99151905,655.0
232,XRP,2017-03-08,0.00672,0.00692,0.00644,0.0065,9100648.30587207,380.0
233,XRP,2017-03-09,0.00643,0.0066,0.00632,0.00648,11739581.37335651,248.0
234,XRP,2017-03-10,0.0065,0.00669,0.0058,0.00617,14864256.80832601,781.0
235,XRP,2017-03-11,0.00617,0.00642,0.00606,0.00625,6286461.04611958,210.0
236,XRP,2017-03-12,0.00616,0.00634,0.00602,0.00632,2297253.25072341,101.0
237,XRP,2017-03-13,0.00624,0.00648,0.006,0.00644,9490971.81379813,271.0
238,XRP,2017-03-14,0.0064,0.00644,0.00626,0.00639,5524629.51109304,142.0
239,XRP,2017-03-15,0.00639,0.00642,0.00625,0.00625,4893497.48967427,151.0
240,XRP,2017-03-16,0.00625,0.00636,0.00601,0.0063,17305620.11931146,473.0
241,XRP,2017-03-17,0.0063,0.00634,0.00576,0.00597,22458261.00306438,557.0
242,XRP,2017-03-18,0.00605,0.00731,0.006,0.00688,39857963.62546754,1063.0
243,XRP,2017-03-19,0.00674,0.0072,0.00642,0.00669,8593557.698949669,474.0
244,XRP,2017-03-20,0.00732922896511287,0.00705,0.00645,0.0069,17755943.90703447,503.0
245,XRP,2017-03-21,0.006573325445342799,0.00705,0.00663,0.00682,9980476.19703881,299.0
246,XRP,2017-03-22,0.00683,0.00758,0.00679,0.00719,13672980.33162759,476.0
247,XRP,2017-03-23,0.0072,0.011,0.0072,0.011,37258610.78794884,1292.0
248,XRP,2017-03-24,0.01079,0.01182,0.00815,0.01062,52113032.63231944,1706.0
249,XRP,2017-03-25,0.01054,0.01084,0.00879,0.00888,22048655.16628924,742.0
250,XRP,2017-03-26,0.009,0.00982,0.00888,0.00937,5677809.01517841,263.0
251,XRP,2017-03-27,0.010090817356205853,0.01025,0.009,0.00943,20978498.07396908,628.0
252,XRP,2017-03-28,0.00949,0.00965,0.00906,0.00955,14394744.39598646,362.0
253,XRP,2017-03-29,0.00953,0.01015,0.00946,0.01015,12085603.80938344,419.0
254,XRP,2017-03-30,0.01016,0.0147,0.01016,0.01383,47433517.24764201,2040.0
255,XRP,2017-03-31,0.01349,0.02254,0.01315,0.0214,107990663.85182506,5189.0
256,XRP,2017-04-01,0.0214,0.02323,0.01968,0.022,28917661.66894544,1986.0
257,XRP,2017-04-02,0.02328830926874709,0.0695,0.0075,0.0615,148475053.262696,9863.0
258,XRP,2017-04-03,0.0615,0.062,0.025,0.03201,91954656.39367385,6506.0
259,XRP,2017-04-04,0.0322,0.0429,0.0269,0.03787,54326440.38038647,4117.0
260,XRP,2017-04-05,0.03786,0.04108,0.035,0.03559,33561536.76196952,2514.0
261,XRP,2017-04-06,0.03557,0.03728,0.029,0.03500175008750438,32899601.28113418,2311.0
262,XRP,2017-04-07,0.033288948069241014,0.03873,0.03086,0.037893141341417205,38971665.29690976,3116.0
263,XRP,2017-04-08,0.041305245766212306,0.0378,0.03515,0.03575,14595042.55564032,1413.0
264,XRP,2017-04-09,0.03578,0.03578,0.03251,0.03421,8749118.32085895,1085.0
265,XRP,2017-04-10,0.03466204506065858,0.0359,0.0332,0.03404,10376563.23867896,787.0
266,XRP,2017-04-11,0.03406,0.03513,0.032,0.03316,12538287.70824981,742.0
267,XRP,2017-04-12,0.03305,0.0356,0.0322,0.03455,12569415.89302046,905.0
268,XRP,2017-04-13,0.03487966515521451,0.03562,0.0337,0.03474635163307853,14320902.52158523,1059.0
269,XRP,2017-04-14,0.0343,0.03525,0.033,0.034566194262011754,8364508.274891979,729.0
270,XRP,2017-04-15,0.03343,0.035,0.03315,0.03494060097833683,2798477.92395032,387.0
271,XRP,2017-04-16,0.03356,0.03395,0.03251,0.034223134839151265,3296382.56647833,415.0
272,XRP,2017-04-17,0.03274,0.03386,0.03246,0.03333,2096876.62139297,323.0
273,XRP,2017-04-18,0.03311,0.03419,0.0322,0.03359086328518643,9826792.29511135,648.0
274,XRP,2017-04-19,0.03272,0.03319,0.02816,0.03035,12888751.99997896,985.0
275,XRP,2017-04-20,0.02954,0.03104,0.02643,0.02999,23472397.71025467,1836.0
276,XRP,2017-04-21,0.02994,0.0347,0.02945,0.03347840642785403,20717484.36970341,1630.0
277,XRP,2017-04-22,0.03356831151393085,0.03401,0.03033,0.03197953309881676,6357533.520839429,530.0
278,XRP,2017-04-23,0.03198976327575176,0.03214,0.03102,0.031918289179699966,2428610.31566513,310.0
279,XRP,2017-04-24,0.03198976327575176,0.032,0.0309,0.0315357931251971,3943867.09007657,395.0
280,XRP,2017-04-25,0.03132,0.03421,0.03108,0.03258390355164549,10302779.09732823,1005.0
281,XRP,2017-04-26,0.032499187520311994,0.03392,0.03251,0.03275,9293337.86612142,793.0
282,XRP,2017-04-27,0.03292,0.0368,0.03225,0.03577817531305903,13628431.90989492,1096.0
283,XRP,2017-04-28,0.0357653791130186,0.04612,0.03487,0.045,45344221.87059291,3050.0
284,XRP,2017-04-29,0.04499,0.05952,0.04499,0.05383,37099791.154065,2656.0
285,XRP,2017-04-30,0.0536,0.05499,0.04902,0.05122950819672131,11578092.76633206,1311.0
286,XRP,2017-05-01,0.05112474437627812,0.05811,0.04903,0.05383,28914147.16730709,2521.0
287,XRP,2017-05-02,0.05415,0.05527,0.0505,0.054318305268875614,13484856.46463832,1409.0
288,XRP,2017-05-03,0.05443658138268917,0.06199,0.05245,0.06108,28236495.49087347,5156.0
289,XRP,2017-05-04,0.06088,0.08793,0.06,0.08,82050000.49732824,10236.0
290,XRP,2017-05-05,0.08,0.105,0.07776,0.09139,67788011.26447132,7447.0
291,XRP,2017-05-06,0.09029,0.1039,0.09029,0.09514747859181731,23430268.05627751,3115.0
292,XRP,2017-05-07,0.10040160642570281,0.155,0.09725,0.13911,55059330.67865881,6387.0
293,XRP,2017-05-08,0.139,0.22395,0.1121,0.1917,93473686.70312546,15036.0
294,XRP,2017-05-09,0.1917,0.207,0.112,0.15060240963855423,49831308.07028308,6522.0
295,XRP,2017-05-10,0.15638,0.19795,0.151,0.18695,25779851.05276685,4374.0
296,XRP,2017-05-11,0.18699,0.19735,0.16183,0.1834862385321101,22600820.08366379,4676.0
297,XRP,2017-05-12,0.18478,0.21,0.1806,0.20688,20440344.136843387,3960.0
298,XRP,2017-05-13,0.20365,0.222,0.1951,0.21022,17398471.90101173,3744.0
299,XRP,2017-05-14,0.2145922746781116,0.22,0.20755,0.2188183807439825,6317784.808161919,1713.0
300,LTC,2015-01-01,2.72,2.7539,2.68965,2.69,16032.88156685,1461.0
301,LTC,2015-01-02,2.69,2.7289,2.65552,2.65552,16363.41909499,1772.0
302,LTC,2015-01-03,2.657,2.7044,2.08,2.15,600108.60505819,21700.0
303,LTC,2015-01-04,2.15,2.2897,1.9,1.96343,482217.59064376,17956.0
304,LTC,2015-01-05,1.962,2.34,1.9494,2.078,198621.20415991,7451.0
305,LTC,2015-01-06,2.1,2.37299,2.05,2.12214,106566.91092018,4520.0
306,LTC,2015-01-07,2.12599,2.2,1.95092,2.1537,103974.77074624,5282.0
307,LTC,2015-01-08,2.14559,2.1647,1.992,2.02,78197.55685928,2904.0
308,LTC,2015-01-09,2.0188,2.03418,1.9291,1.998,59616.08118905,2419.0
309,LTC,2015-01-10,1.96,1.965,1.63805,1.65003,2847.42339118,348.0
310,LTC,2015-01-11,1.65,1.8924,1.635,1.73,366319.14135142,12780.0
311,LTC,2015-01-12,1.74,1.835,1.52,1.721,159508.68939676,8047.0
312,LTC,2015-01-13,1.69,1.725,1.47251,1.54277,535601.593765,26123.0
313,LTC,2015-01-14,1.54277,1.648,1.0557,1.189,1272823.03871452,53271.0
314,LTC,2015-01-15,1.12139,2.3,1.11027,1.293,696557.75741391,33755.0
315,LTC,2015-01-16,1.2662,1.62336,1.25,1.37914,386815.88014893,20089.0
316,LTC,2015-01-17,1.4153,1.4598,1.24016,1.2921,197729.77173523,10747.0
317,LTC,2015-01-18,1.297,1.4277,1.2373,1.315,168682.71640021,10681.0
318,LTC,2015-01-19,1.352,1.3926,1.32,1.355,16200.7605551,676.0
319,LTC,2015-01-20,1.355,1.3912,1.2752,1.31998,32268.11672317,2232.0
320,LTC,2015-01-21,1.314,1.4196,1.27871,1.3581,91079.54672626,6758.0
321,LTC,2015-01-22,1.365,1.49,1.3582,1.395,167923.80982937,8886.0
322,LTC,2015-01-23,1.392,1.4775,1.364,1.4096,83775.98521599,5754.0
323,LTC,2015-01-24,1.4512,2.867,1.4,1.832,986303.88532257,26019.0
324,LTC,2015-01-25,1.83,2.43,1.801,2.23,1737856.18565552,46002.0
325,LTC,2015-01-26,2.2641,2.53963,1.88474,2.1066,1415458.86546206,43517.0
326,LTC,2015-01-27,2.1066,2.153,1.78,2.03,486614.51744762,15628.0
327,LTC,2015-01-28,2.019,2.22775,1.73793,1.7997,196027.15869693,9231.0
328,LTC,2015-01-29,1.8863,1.9749,1.757,1.881,284947.10705427,12110.0
329,LTC,2015-01-30,1.878,2.16142,1.831,1.8799,165668.37437859,7725.0
330,LTC,2015-01-31,1.849,1.9824,1.83091,1.85018,104823.53711887,6029.0
331,LTC,2015-02-01,1.858,1.8989,1.651,1.8092,380288.04424637,16167.0
332,LTC,2015-02-02,1.8237,1.94,1.70114,1.836,229261.03136011,8856.0
333,LTC,2015-02-03,1.881,2.0293,1.781,1.79,312198.8596557,12447.0
334,LTC,2015-02-04,1.791,1.866,1.7351,1.78351,127595.24263243,7526.0
335,LTC,2015-02-05,1.785,1.816,1.6914,1.7345,125768.04262709,5081.0
336,LTC,2015-02-06,1.73294,1.99,1.71586,1.75914,154446.88557422,9051.0
337,LTC,2015-02-07,1.76014,1.888,1.7531,1.78999,117266.67862441,7017.0
338,LTC,2015-02-08,1.78999,1.847,1.749,1.766,48114.11522809,3579.0
339,LTC,2015-02-09,1.769,1.8,1.6962,1.722,149837.754244889,6379.0
340,LTC,2015-02-10,1.722,1.8098,1.66,1.7741,209507.09545182,7312.0
341,LTC,2015-02-11,1.7741,1.81,1.6991,1.729,69928.40408982,3936.0
342,LTC,2015-02-12,1.729,1.7768,1.69115,1.72877,50646.53733948,2334.0
343,LTC,2015-02-13,1.73035,1.8889,1.712,1.8011,200905.35731975,9194.0
344,LTC,2015-02-14,1.80289,1.995,1.67876,1.95,669575.92022579,10354.0
345,LTC,2015-02-15,1.9525,2.045,1.74533,1.854,1725866.81788802,20012.0
346,LTC,2015-02-16,1.839,1.862,1.77,1.777,837280.13651346,9909.0
347,LTC,2015-02-17,1.799,1.89,1.5,1.859,920847.21693924,10418.0
348,LTC,2015-02-18,1.838,1.8879,1.767,1.834,743442.1072901,8715.0
349,LTC,2015-02-19,1.818,1.8587,1.79,1.844,552827.98445526,7681.0
350,LTC,2015-02-20,1.8101,1.875,1.7901,1.846,700775.33044424,8887.0
351,LTC,2015-02-21,1.853,1.877,1.7902,1.858,445088.95578424,6954.0
352,LTC,2015-02-22,1.848,1.873,1.73155,1.809,680657.21249926,9596.0
353,LTC,2015-02-23,1.8,1.839,1.72,1.825,584287.46488072,8151.0
354,LTC,2015-02-24,1.812,1.847,1.73,1.828,450244.95193775,7528.0
355,LTC,2015-02-25,1.833,1.837,1.75407,1.801,347448.41231519,6685.0
356,LTC,2015-02-26,1.812,1.8263,1.74,1.809,129643.00387416,3573.0
357,LTC,2015-02-27,1.803,1.93279,1.752,1.847,1009197.20993457,13254.0
358,LTC,2015-02-28,1.8631,1.865,1.79,1.845,434213.74748795,6764.0
359,LTC,2015-03-01,1.851,1.931,1.76,1.893,684810.17496846,9731.0
360,LTC,2015-03-02,1.895,1.966,1.81511,1.938,1053019.85708631,13831.0
361,LTC,2015-03-03,1.934,2.02559,1.861,1.957,1278176.23968417,14612.0
362,LTC,2015-03-04,1.957,1.985,1.84457,1.932,1024352.67738616,11109.0
363,LTC,2015-03-05,1.927,1.99999,1.85689,1.92,778513.32943851,9506.0
364,LTC,2015-03-06,1.92,1.9449,1.875,1.894,884514.56958026,10911.0
365,LTC,2015-03-07,1.896,1.952,1.86776,1.913,587628.59257174,9130.0
366,LTC,2015-03-08,1.8981,1.9299,1.77137,1.886,549586.145678238,10155.0
367,LTC,2015-03-09,1.88136,2.06969,1.881,1.95,1044079.16122527,11105.0
368,LTC,2015-03-10,1.945,2.1386,1.91224,1.98115,736284.54771195,13893.0
369,LTC,2015-03-11,1.988,2.07641,1.9666,2.0,660323.28869484,9320.0
370,LTC,2015-03-12,2.0,2.076,1.9106,2.02573,633536.97287525,10961.0
371,LTC,2015-03-13,2.0554,2.06,1.961,2.0,420951.28638148,9804.0
372,LTC,2015-03-14,2.0,2.0268,1.89,1.999,230028.65285092,7125.0
373,LTC,2015-03-15,2.005,2.041,1.94,2.017,479893.50282441,8833.0
374,LTC,2015-03-16,2.018,2.07,1.983,2.035,638245.01217096,11680.0
375,LTC,2015-03-17,2.036,2.063,1.946,1.986,701723.49819401,10419.0
376,LTC,2015-03-18,1.99,1.997,1.692,1.741,1402699.00268235,19989.0
377,LTC,2015-03-19,1.724,1.86,1.6002,1.756,1526212.06491279,17998.0
378,LTC,2015-03-20,1.742,1.86,1.727,1.743,445664.64890848,8584.0
379,LTC,2015-03-21,1.766,1.774,1.71,1.743,502863.38913264,9243.0
380,LTC,2015-03-22,1.744,1.814,1.73108,1.798,539690.30130066,9354.0
381,LTC,2015-03-23,1.787,1.82,1.732,1.777,649378.94919441,9792.0
382,LTC,2015-03-24,1.773,1.8139,1.5,1.645,1085934.90836023,11701.0
383,LTC,2015-03-25,1.667,2.49,1.60113,1.661,1011229.2268744,14906.0
384,LTC,2015-03-26,1.668,1.73837,1.648,1.692,840345.29490179,10149.0
385,LTC,2015-03-27,1.7,1.71,1.643,1.678,581906.91940263,9201.0
386,LTC,2015-03-28,1.692,1.7256,1.6711,1.704,479168.47374072,8507.0
387,LTC,2015-03-29,1.707,1.72,1.6205,1.657,702684.58454118,10715.0
388,LTC,2015-03-30,1.655,1.6919,1.607,1.666,657959.93381514,9556.0
389,LTC,2015-03-31,1.674,1.6879,1.61,1.652,612603.46913368,9514.0
390,LTC,2015-04-01,1.656,1.68,1.61182,1.663,598741.86904733,9807.0
391,LTC,2015-04-02,1.646,1.719,1.6251,1.677,651403.62018535,11033.0
392,LTC,2015-04-03,1.681,1.7325,1.645,1.697,539914.18050836,10117.0
393,LTC,2015-04-04,1.697,1.706,1.63919,1.685,403617.41438029,9481.0
394,LTC,2015-04-05,1.659,1.7199,1.641,1.702,549394.96670003,10522.0
395,LTC,2015-04-06,1.68,1.72,1.627,1.688,569534.60212304,10524.0
396,LTC,2015-04-07,1.688,1.695,1.6211,1.669,441892.12915744,11167.0
397,LTC,2015-04-08,1.674,1.68,1.593,1.614,823421.56474806,12878.0
398,LTC,2015-04-09,1.609,1.6348,0.9849182,1.587,707833.24672591,15318.0
399,LTC,2015-04-10,1.589,1.6033,1.47596,1.523,848428.65880447,13602.0
400,BCHABC,2018-11-20,218.11321664,250.0,218.11321664,224.14269097,28.84872481,206.0
401,BCHABC,2018-11-21,214.82218276,247.47866165,213.39,238.13,38.19616259,328.0
402,BCHABC,2018-11-22,235.24525678,238.0,200.00200001,214.0,6.25916866,152.0
403,BCHABC,2018-11-23,216.12,216.12,190.00021199,203.59500001,23.49515459,215.0
404,BCHABC,2018-11-24,206.07027016,221.79999999,175.0,175.0,7.13496177,164.0
405,BCHABC,2018-11-25,177.94592597,188.56453329,153.0,188.50353742,20.68965694,202.0
406,BCHABC,2018-11-26,188.56392333,205.60241939,170.09000005,170.09000006,45.87641034,271.0
407,BCHABC,2018-11-27,180.30428613,193.79999998,170.54110018,182.71596787,4.38936887,55.0
408,BCHABC,2018-11-28,175.69257591,192.99999999,175.0,180.99900001,12.59254604,254.0
409,BCHABC,2018-11-29,181.09707039,187.46103001,174.0,176.75024987,10.06988185,204.0
410,BCHABC,2018-11-30,183.39999977,187.46103001,157.05656,179.99994791,5.11797353,150.0
411,BCHABC,2018-12-01,183.9999479,183.9999479,167.12488953,181.90498171,2.0274537,62.0
412,BCHABC,2018-12-02,181.90498171,181.90498171,167.30009564,178.99805061,1.81677853,43.0
413,BCHABC,2018-12-03,171.00802477,178.88455132,157.30001012,163.34323166,2.85598715,42.0
414,BCHABC,2018-12-04,163.98965313,170.10990267,153.099,157.2213473,3.25842703,71.0
415,BCHABC,2018-12-05,153.37905367,153.37905367,134.89999999,134.89999999,12.91667707,98.0
416,BCHABC,2018-12-06,138.01003999,138.01003999,105.0,105.0,14.88284795,155.0
417,BCHABC,2018-12-07,107.0523747,116.87699982,101.003,101.13249022,22.27547359,193.0
418,BCHABC,2018-12-08,103.777777,110.51721185,101.07236669,102.46334452,2.05652591,50.0
419,BCHABC,2018-12-09,102.53478013,118.33616258,102.53476014,109.54153681,1.68624809,41.0
420,BCHABC,2018-12-10,115.15909562,118.05917479,100.34864185,102.62345013,5.61270012,79.0
421,BCHABC,2018-12-11,111.79702781,111.79702781,90.19890008,100.03056199,2.52157756,85.0
422,BCHABC,2018-12-12,95.28744552,103.09,94.0167121,103.09,2.96594836,74.0
423,BCHABC,2018-12-13,100.81245644,101.61953213,96.51636036,96.51636036,0.59018693,35.0
424,BCHABC,2018-12-14,96.51636036,101.86469199,81.0000693,81.0000693,1.07212464,61.0
425,BCHABC,2018-12-15,82.82606413,86.29009177,81.0,81.0,2.5190667,32.0
426,BCHABC,2018-12-16,85.39686846,86.60243475,71.0,71.0,1.98703009,55.0
427,BCHABC,2018-12-17,78.00000001,110.71574275,77.77777777,77.77777777,46.75855247,127.0
428,BCHABC,2018-12-18,93.48796572,109.81456797,87.25564905,101.08659071,8.29916893,76.0
429,BCHABC,2018-12-19,101.61718583,156.78570637,100.524815,139.40755323,22.52377702,288.0
430,BCHABC,2018-12-20,143.0,219.00000001,131.63678022,190.14482772,62.96494131,911.0
431,BCHABC,2018-12-21,204.48251488,250.70722013,185.16020012,193.5924247,64.990358,925.0
432,BCHABC,2018-12-22,214.41184584,226.79999953,193.00003013,203.21822121,16.17671575,286.0
433,BCHABC,2018-12-23,203.2182212,219.09276053,190.36304928,203.17448807,8.09436377,193.0
434,BCHABC,2018-12-24,210.84202235,224.49999999,183.66666667,200.3622679,55.63190059,552.0
435,BCHABC,2018-12-25,186.78575394,186.78575394,156.73455012,175.08620086,21.64475373,234.0
436,BCHABC,2018-12-26,175.16817228,194.78474896,170.05253856,175.32814659,13.78633861,195.0
437,BCHABC,2018-12-27,177.03040354,180.04029524,156.0,157.96862403,8.53831326,204.0
438,BCHABC,2018-12-28,154.00000029,184.22330097,152.00000002,175.00000001,17.98200255,280.0
439,BCHABC,2018-12-29,175.1,180.82851451,166.57473747,170.00000002,8.33155074,160.0
440,BCHABC,2018-12-30,170.00000046,176.06474251,169.37171483,169.80636823,6.01633328,96.0
441,BCHABC,2018-12-31,169.75512177,175.36446301,161.000002,163.20102012,8.0690812,48.0
500,BNB,2017-10-24,50.09920635,50.09920635,50.09920635,50.09920635,0.05062549,2.0
501,BNB,2017-11-21,9.98999998,9.98999998,9.98999998,9.98999998,0.21421421,2.0
502,BNB,2017-11-29,9.98999089,9.98999089,9.98999089,9.98999089,0.02002002,1.0
503,BNB,2017-12-08,0.98999897,0.98999897,0.98999897,0.98999897,5.0,1.0
504,BNB,2017-12-10,0.69999881,0.69999881,0.69999869,0.69999869,1.80000136,2.0
505,BNB,2017-12-14,0.62777749,0.62777749,0.62777749,0.62777749,16.0,17.0
506,BNB,2017-12-15,0.6273477,0.6273477,0.6271262,0.6271262,84.19431374,5.0
507,BNB,2017-12-16,0.62712615,0.62712615,0.00150066,0.00150066,195.20524771,5.0
508,BNB,2017-12-17,0.6,2.96911,0.59999999,1.394999,576.63243719,44.0
509,BNB,2017-12-18,1.39399997,1.39399997,0.4,1.37939954,413.58792551,23.0
510,BNB,2017-12-19,0.60000001,1.73,0.6,0.6000001,3244.15463877,127.0
511,BNB,2017-12-20,1.09499999,1.2,0.15939997,0.6,261.16241753,40.0
512,BNB,2017-12-21,0.32000003,1.02491298,0.32000003,1.02491298,410.2980481,39.0
513,BNB,2017-12-22,1.024913,1.024913,0.33000002,0.9,234.49244546,38.0
514,BNB,2017-12-23,0.9,0.99761231,0.33000003,0.94,235.28100226,29.0
515,BNB,2017-12-24,0.38510993,0.91,0.38510993,0.85997698,169.09296987,20.0
516,BNB,2017-12-25,0.85997698,1.01,0.8,0.95,831.2889811,102.0
517,BNB,2017-12-26,0.99999997,2.0,0.7,1.10000001,1691.880434,30.0
518,BNB,2017-12-27,1.1,1.7,0.91891558,0.92,2199.60782636,139.0
519,BNB,2017-12-28,1.293,1.439,0.7,1.08400009,3450.05282261,161.0
520,BNB,2017-12-29,0.96400012,2.07,0.2,1.49562,5200.18434846,211.0
521,BNB,2017-12-30,1.49562,2.81,1.00001003,2.81,2553.01145148,152.0
522,BNB,2017-12-31,2.8089,4.98,1.3699994,2.2,3561.01614095,347.0
523,BNB,2018-01-01,2.3824624,2.3824624,1.4784384,1.626175,1847.41079443,155.0
524,BNB,2018-01-02,1.6269465,2.0,1.1757214,1.51000002,2149.99557612,177.0
525,BNB,2018-01-03,1.69611,3.2,1.51200003,3.0799,3941.56851383,246.0
526,BNB,2018-01-04,3.0799,3.1872,1.52000003,2.206011,2788.26574101,170.0
527,BNB,2018-01-05,2.1983998,2.44999999,1.60100003,1.90364401,4459.64019364,195.0
528,BNB,2018-01-06,2.0,2.17999997,1.84171229,1.84171229,1316.72292966,60.0
529,BNB,2018-01-07,1.8647898,2.991,1.86478979,2.98,3612.13399069,150.0
530,BNB,2018-01-08,5.89100001,5.89100001,3.114001,5.05,2001.1262489,150.0
531,BNB,2018-01-09,7.00001001,7.92,5.00205551,6.8888887,1639.48203788,150.0
532,BNB,2018-01-10,5.50000001,7.19999998,4.5,5.38,1510.98572784,197.0
533,BNB,2018-01-11,5.10000055,6.15,5.10000055,5.58,967.99283292,107.0
534,BNB,2018-01-12,7.09,8.0,6.1050051,6.38999964,710.108945,106.0
535,BNB,2018-01-13,6.10602001,7.5,5.401,5.97888879,1998.26815977,245.0
536,BNB,2018-01-14,5.97888878,7.2,5.7001212,7.2,1775.39035677,277.0
537,BNB,2018-01-15,7.20000003,9.87364405,6.81083801,8.9,3942.56230067,604.0
538,BNB,2018-01-16,8.90598011,11.0,6.1,9.98000001,5119.24722377,722.0
539,BNB,2018-01-17,11.05999999,11.7,7.5,9.3377639,2651.23925961,593.0
540,BNB,2018-01-18,9.99899998,11.0,9.20000012,10.8,3782.2808168,482.0
541,BNB,2018-01-19,10.00000106,10.8,9.2000001,10.00000006,2916.46613254,488.0
542,BNB,2018-01-20,9.60000045,10.399,4.5,8.91000009,3384.80548765,471.0
543,BNB,2018-01-21,8.91000009,9.83806839,8.59,9.78887728,58.32066963,34.0
544,BNB,2018-01-22,8.99400899,8.99400899,8.01000501,8.01000501,2.14777896,3.0
545,BNB,2018-01-23,8.96005009,8.9600501,7.0999998,8.13503943,717.81521669,184.0
546,BNB,2018-01-24,7.60000147,8.24998799,7.5101,7.84999979,176.98607262,86.0
547,BNB,2018-01-25,7.7000001,8.0,6.75111003,7.5707169,1032.40551169,305.0
548,BNB,2018-01-26,7.10465933,7.5,6.0,6.36300323,1036.20775302,257.0
549,BNB,2018-01-27,6.38999999,6.86990369,6.0,6.09999982,301.64497566,129.0
550,BNB,2018-01-28,6.10000108,6.86999954,5.758,5.758,345.81762329,145.0
551,BNB,2018-01-29,6.08424534,6.68952887,5.1,5.30000008,584.12276452,254.0
552,BNB,2018-01-30,5.33100002,7.5432211,3.0,4.3883956,1309.65034111,323.0
553,BNB,2018-01-31,4.65374387,7.34555958,4.08188342,6.27063697,729.96361422,260.0
554,BNB,2018-02-01,6.27063653,6.5,5.00555,5.02000026,378.78066882,92.0
555,BNB,2018-02-02,2.99110023,6.0,2.99110023,4.98999997,234.50654363,55.0
556,BNB,2018-02-03,4.10000525,5.5999999,4.10000525,4.47833928,623.71868582,176.0
557,BNB,2018-02-04,5.05296237,5.0809668,4.20000001,4.6766431,667.7722638,179.0
558,BNB,2018-02-05,4.69241821,4.9308395,4.36526361,4.36526361,18.35289188,14.0
559,BNB,2018-02-07,3.45540001,4.78592021,3.0,4.12,347.75887466,73.0
560,BNB,2018-02-08,4.41561341,4.88899976,4.0,4.88899976,381.08385378,113.0
561,BNB,2018-02-09,4.88899976,6.299,4.211,5.39509927,1334.63076139,301.0
562,BNB,2018-02-10,4.91000657,6.93070599,4.847104,5.00000051,1729.12317445,285.0
563,BNB,2018-02-11,5.14684751,6.89,4.222,5.0976599,966.15185302,204.0
564,BNB,2018-02-12,5.09765998,6.3,4.865992,5.28999999,1070.92100258,285.0
565,BNB,2018-02-13,5.2399995,5.2399995,4.51,4.98271595,1362.61828072,191.0
566,BNB,2018-02-14,4.98271595,5.79111269,4.69248922,5.18600181,1200.21103867,237.0
567,BNB,2018-02-15,5.61189995,5.78904839,5.18600225,5.3600043,1091.77702592,227.0
568,BNB,2018-02-16,5.36000708,5.67906049,5.19,5.19,346.3568054,165.0
569,BNB,2018-02-17,5.57999803,5.70000001,4.96,5.70000001,466.03170049,114.0
570,BNB,2018-02-18,5.7522077,5.8,4.52999986,4.81,914.54318614,237.0
571,BNB,2018-02-19,4.81000013,5.6,4.81000011,4.85000144,259.69976219,120.0
572,BNB,2018-02-20,4.85000147,5.10535926,4.6,4.60010013,185.44573234,141.0
573,BNB,2018-02-21,4.60012001,5.7,4.000114,4.2011406,1130.64973004,258.0
574,BNB,2018-02-22,4.0014102,7.99999999,4.0014102,5.49,3135.07151695,369.0
575,BNB,2018-02-23,5.4855772,5.49,2.9,4.44143804,2750.40011713,371.0
576,BNB,2018-02-24,4.22660147,4.6905794,3.9,4.26256855,2032.12202731,80.0
577,BNB,2018-02-25,4.26256855,5.58,3.92625686,4.6146535,1918.40767221,241.0
578,BNB,2018-02-26,4.10515753,5.00000035,4.1,4.3,772.7018901,103.0
579,BNB,2018-02-27,4.30000001,5.5,4.10000001,4.99999999,2103.63706992,168.0
580,BNB,2018-02-28,4.72,4.9,4.36000001,4.46909999,471.3172438,123.0
581,BNB,2018-03-01,4.46910008,4.8,1.1,3.58199983,3888.37588645,379.0
582,BNB,2018-03-02,3.58199983,7.99960286,3.18268145,4.61845546,2420.82679189,328.0
583,BNB,2018-03-03,4.61845556,4.9,3.40000002,4.5,801.63686785,218.0
584,BNB,2018-03-04,3.80000066,4.79995,3.5,4.02708477,1313.20534071,277.0
585,BNB,2018-03-05,4.44999998,4.799953,3.51000017,3.89609995,1265.26320956,219.0
586,BNB,2018-03-06,3.89609998,4.79995268,3.87676372,4.16000001,894.56179332,178.0
587,BNB,2018-03-07,4.16000001,4.4372,3.80000001,4.19208146,424.33817337,88.0
588,BNB,2018-03-08,3.827326,3.8954214,3.21,3.37,551.84485433,138.0
589,BNB,2018-03-09,3.491111,3.72,3.1101,3.44353347,1106.57398966,170.0
590,BNB,2018-03-10,3.44353302,3.50000005,3.13623973,3.2029,571.92361625,121.0
591,BNB,2018-03-11,3.20289995,3.35,3.1201001,3.20000022,502.6789086,83.0
592,BNB,2018-03-12,3.34848937,3.34999,3.0005551,3.339,386.42660052,83.0
593,BNB,2018-03-13,3.3399998,3.49999975,2.5,3.27000002,1669.89829957,273.0
594,BNB,2018-03-14,3.26108361,3.31,2.72501702,2.80000037,918.20900553,185.0
595,BNB,2018-03-15,3.21669969,3.21669969,2.8,2.9,331.79512898,122.0
596,BNB,2018-03-16,2.84660671,3.0,2.66000034,2.74603842,147.96405957,61.0
597,BNB,2018-03-17,3.03425804,3.12020012,2.74603902,2.75800001,998.11643485,193.0
598,BNB,2018-03-18,2.77,2.94999999,2.55000111,2.6997953,656.23852612,87.0
599,BNB,2018-03-19,2.6900002,2.87999998,2.5076056,2.79758191,375.01210319,74.0
600,EOS,2017-07-31,1.7481,1.76,1.701,1.7013,174091.52831035,1682.0
601,EOS,2017-08-01,1.7186,1.8135,1.645,1.778,1806411.11797481,11482.0
602,EOS,2017-08-02,1.777,1.8018,1.673,1.7388,1215083.3222367,13188.0
603,EOS,2017-08-03,1.7496,1.8,1.7001,1.7799,922982.49022541,13992.0
604,EOS,2017-08-04,1.7799,1.84,1.7417,1.7622,1328027.91806857,17823.0
605,EOS,2017-08-05,1.7623,2.0,1.7294,1.853,2629994.62202008,26505.0
606,EOS,2017-08-06,1.8485,1.85999,1.7002,1.7538,1813020.28579336,18665.0
607,EOS,2017-08-07,1.7505,1.81,1.7,1.7843,2039654.11559654,14527.0
608,EOS,2017-08-08,1.7843,1.9839,1.75849,1.8722,3090399.25174189,24086.0
609,EOS,2017-08-09,1.8722,1.9358,1.788,1.8124,1598124.61040298,13321.0
610,EOS,2017-08-10,1.8184,1.91986,1.803,1.86792,1804702.84855403,22563.0
611,EOS,2017-08-11,1.8361,1.9062,1.6642,1.757,2682522.05607397,18700.0
612,EOS,2017-08-12,1.757,1.85998,1.6101,1.6454,2094427.53618836,18061.0
613,EOS,2017-08-13,1.6516,1.77,1.5153,1.5967,2702829.91333816,19366.0
614,EOS,2017-08-14,1.5997,1.69186,1.5051,1.6,2218244.78131154,17509.0
615,EOS,2017-08-15,1.6,1.74641,1.521,1.6184,2330783.06269593,17282.0
616,EOS,2017-08-16,1.6273,1.6799,1.55,1.62734,1840769.3364983,10095.0
617,EOS,2017-08-17,1.6018,1.62212,1.48,1.53002,2080830.47268962,13274.0
618,EOS,2017-08-18,1.5231,1.55,1.3304,1.3979,2332737.2839211,16284.0
619,EOS,2017-08-19,1.394,1.54,1.28,1.39,1820608.63004103,11640.0
620,EOS,2017-08-20,1.3987,1.44,1.3,1.3593,1533015.45295245,9706.0
621,EOS,2017-08-21,1.3594,1.41,1.3,1.30912,2275125.32200112,12136.0
622,EOS,2017-08-22,1.329,1.33996,1.2,1.27,2639714.94138469,17600.0
623,EOS,2017-08-23,1.2686,1.545,1.2565,1.416,5181488.90689723,18627.0
624,EOS,2017-08-24,1.4217,1.4218,1.3248,1.377,1931737.73745438,11337.0
625,EOS,2017-08-25,1.3791,1.4478,1.3331,1.3676,1797092.41412112,12847.0
626,EOS,2017-08-26,1.364,1.394,1.3304,1.365,1346258.89292058,7379.0
627,EOS,2017-08-27,1.3644,1.38,1.315,1.3441,1337567.74602892,10059.0
628,EOS,2017-08-28,1.3479,1.364,1.2738,1.3241,1523398.79127241,8524.0
629,EOS,2017-08-29,1.3241,1.3777,1.3096,1.31,1584029.81235862,12456.0
630,EOS,2017-08-30,1.31,1.344,1.222,1.255,2297100.10792187,10662.0
631,EOS,2017-08-31,1.2518,1.357,1.2458,1.3441,3132692.40420194,9752.0
632,EOS,2017-09-01,1.3402,1.35,1.2727,1.3203,2638744.70635374,11714.0
633,EOS,2017-09-02,1.3246,1.4361,1.1856,1.235,3513956.97314957,14419.0
634,EOS,2017-09-03,1.235,1.3255,1.21,1.294,2644403.25796786,10148.0
635,EOS,2017-09-04,1.3008,1.305,0.8216,0.91,10894856.08874752,19994.0
636,EOS,2017-09-05,0.91,0.9777,0.75,0.923,9153527.01113654,18412.0
637,EOS,2017-09-06,0.923,1.16,0.856,0.915,12402702.59025392,32521.0
638,EOS,2017-09-07,0.91679,1.0277,0.8513,0.98516,9819886.47363283,20319.0
639,EOS,2017-09-08,0.98679,0.9894,0.77403,0.841,8743401.19627227,19654.0
640,EOS,2017-09-09,0.8469,0.8487,0.756,0.81013,3202291.37934271,9118.0
641,EOS,2017-09-10,0.81,0.81538,0.6918,0.7367,4300972.57682891,9748.0
642,EOS,2017-09-11,0.74,0.7608,0.71,0.7324,2783560.15855435,6790.0
643,EOS,2017-09-12,0.7316,0.8977,0.728,0.8599,7521087.92230384,18763.0
644,EOS,2017-09-13,0.8599,0.86,0.656,0.725,7560578.00603662,13675.0
645,EOS,2017-09-14,0.72624,0.7649,0.51,0.575,9097461.14545482,14343.0
646,EOS,2017-09-15,0.57571,0.678,0.50333,0.6505,7018431.8218608,14734.0
647,EOS,2017-09-16,0.6506,0.68001,0.57804,0.61912,2717293.98387912,9173.0
648,EOS,2017-09-17,0.62099,0.6564,0.56,0.62524,2840979.9748711,5619.0
649,EOS,2017-09-18,0.6277,0.7074,0.6277,0.70372,2946992.86909389,7889.0
650,EOS,2017-09-19,0.70728,0.7075,0.6414,0.64634,1659064.45353338,5331.0
651,EOS,2017-09-20,0.64635,0.65216,0.6011,0.60445,2277317.55912467,5026.0
652,EOS,2017-09-21,0.60989,0.6102,0.53251,0.5425,3307554.02423467,7253.0
653,EOS,2017-09-22,0.54232,0.5873,0.5321,0.56642,2150995.71653347,8626.0
654,EOS,2017-09-23,0.568,0.58999,0.555,0.5739,2407032.56583761,4437.0
655,EOS,2017-09-24,0.5739,0.578,0.53701,0.54304,3176898.55596476,3255.0
656,EOS,2017-09-25,0.54231,0.58,0.5384,0.5654,2980238.34107866,5305.0
657,EOS,2017-09-26,0.571,0.59,0.552,0.554,2985450.90840271,5479.0
658,EOS,2017-09-27,0.5581,0.6394,0.55531,0.63226,7374712.3508342,9787.0
659,EOS,2017-09-28,0.63262,0.824,0.63,0.80666,12501579.29976623,25412.0
660,EOS,2017-09-29,0.80666,0.8449,0.695,0.715,8637008.23719898,16175.0
661,EOS,2017-09-30,0.715,0.76,0.7049,0.72331,4072170.94629075,11581.0
662,EOS,2017-10-01,0.72508,0.73039,0.6714,0.70733,3140348.85038318,6454.0
663,EOS,2017-10-02,0.71342,0.7229,0.6301,0.65335,2665229.14628685,6166.0
664,EOS,2017-10-03,0.65335,0.6711,0.615,0.6325,2260500.81309753,6773.0
665,EOS,2017-10-04,0.63062,0.63586,0.5806,0.60199,2379177.57728302,5282.0
666,EOS,2017-10-05,0.59888,0.625,0.57,0.60563,3366270.16977613,5918.0
667,EOS,2017-10-06,0.60437,0.61269,0.585,0.59901,1749748.72890999,4654.0
668,EOS,2017-10-07,0.5965,0.60806,0.57,0.58789,1512164.40559022,3984.0
669,EOS,2017-10-08,0.58331,0.61,0.574,0.60439,2623912.78656692,6731.0
670,EOS,2017-10-09,0.60313,0.61157777,0.001,0.555,2970934.40720362,5330.0
671,EOS,2017-10-10,0.55671,5.5,0.549,0.55301,3159006.17050346,5476.0
672,EOS,2017-10-11,0.55466,4.99999999,0.549,0.6138,4703059.90353942,10764.0
673,EOS,2017-10-12,0.6138,0.6483,0.582,0.59,4372873.93349958,8742.0
674,EOS,2017-10-13,0.59,0.6219,0.555,0.58169,4042810.43876135,8258.0
675,EOS,2017-10-14,0.58169,0.623,0.10000015,0.5808,2766503.80530133,6840.0
676,EOS,2017-10-15,0.5797,0.5875,0.56,0.5716,2432375.70618087,7745.0
677,EOS,2017-10-16,0.56975,0.57953235,0.554,0.5586,2237577.97120312,6874.0
678,EOS,2017-10-17,0.56159,0.57953233,0.38243002,0.55185,2330195.84736652,6556.0
679,EOS,2017-10-18,0.55157,0.6,0.511,0.54053,3413623.04788074,6269.0
680,EOS,2017-10-19,0.54002,0.6,0.54,0.5669,3762010.41014522,9554.0
681,EOS,2017-10-20,0.5679,0.6,0.535,0.5354,2769859.40992699,7424.0
682,EOS,2017-10-21,0.5351,3.89999999,0.506,0.52399,3722571.42720149,6584.0
683,EOS,2017-10-22,0.52377,0.5375,0.5019,0.5177,1669603.63100269,5017.0
684,EOS,2017-10-23,0.5177,0.5235,0.45,0.49407,3074819.40251931,4720.0
685,EOS,2017-10-24,0.49299,0.5291,0.45,0.51227,2975748.38863182,6504.0
686,EOS,2017-10-25,0.50887,0.6,0.492,0.5054,1772692.64709192,3670.0
687,EOS,2017-10-26,0.5049,0.528,0.5016,0.51351,1527687.21922806,2204.0
688,EOS,2017-10-27,0.5139,0.5227,0.5,0.5215,1538196.77988598,1627.0
689,EOS,2017-10-28,0.5215,0.54064,0.5163,0.53539,1900396.02574502,3030.0
690,EOS,2017-10-29,0.53557,0.68,0.535,0.6651,9648798.05061003,11437.0
691,EOS,2017-10-30,0.66498,0.747,0.63998,0.71298,11016722.39643042,13759.0
692,EOS,2017-10-31,0.7127,0.78338,0.66701,0.78237,8493054.56250584,9319.0
693,EOS,2017-11-01,0.78064,1.3295,0.752,1.0416,34020344.47718824,37071.0
694,EOS,2017-11-02,1.0459,1.3,0.9151,1.116,29358785.17493268,36993.0
695,EOS,2017-11-03,1.1159,1.4196,1.057,1.195,22652956.67247778,32051.0
696,EOS,2017-11-04,1.1961,1.2966,1.0402,1.1115,15659613.72183466,19130.0
697,EOS,2017-11-05,1.113,1.1786,0.85,1.0896,12557346.52515233,16749.0
698,EOS,2017-11-06,1.0896,1.10935,0.9,0.91532,11643832.94706425,15273.0
699,EOS,2017-11-07,0.915,0.9958,0.9101,0.95264,5822814.07492923,8464.0
700,XLM,2017-01-20,0.00225,0.003,0.00225,0.002957,533957.2574647,14.0
701,XLM,2017-01-21,0.002251,0.0025,0.00225,0.0025,1410111.41111683,19.0
702,XLM,2017-01-22,0.002377,0.002397,0.002253,0.002253,254935.3945855,5.0
703,XLM,2017-01-23,0.002257,0.002272,0.002257,0.002272,376365.57768,6.0
704,XLM,2017-01-24,0.002275,0.002275,0.002206,0.002212,7377240.31482341,74.0
705,XLM,2017-01-25,0.002188,0.00222,0.002156,0.002178,479884.70622352,14.0
706,XLM,2017-01-26,0.00209,0.002165,0.002056,0.002154,1163887.27006099,33.0
707,XLM,2017-01-27,0.002154,0.002398,0.002152,0.002152,779329.79204117,5.0
708,XLM,2017-01-28,0.002153,0.002153,0.002153,0.002153,5043.91415929,1.0
709,XLM,2017-01-29,0.002152,0.0022,0.002152,0.0022,36060.7857,2.0
710,XLM,2017-01-30,0.002342,0.0024,0.002342,0.0024,1006695.44758611,38.0
711,XLM,2017-01-31,0.002374,0.002497,0.002149,0.002149,281802.72984522,20.0
712,XLM,2017-02-01,0.002298,0.002481,0.002298,0.002481,67213.23017276,3.0
713,XLM,2017-02-02,0.002392,0.002483,0.002215,0.002215,953700.33201964,19.0
714,XLM,2017-02-03,0.002457,0.002457,0.002226,0.002292,475728.62169434,25.0
715,XLM,2017-02-05,0.002404,0.002442,0.002404,0.002442,227.87107781,2.0
716,XLM,2017-02-06,0.002382,0.002382,0.002342,0.002342,168.84034337,3.0
717,XLM,2017-02-07,0.002346,0.002346,0.002275,0.002275,4467.20461306,5.0
718,XLM,2017-02-08,0.002381,0.002381,0.0022,0.0022,820768.70577675,10.0
719,XLM,2017-02-09,0.002201,0.002201,0.002056,0.002056,2750548.27918193,87.0
720,XLM,2017-02-10,0.002134,0.002184,0.002134,0.002181,7355.44592492,3.0
721,XLM,2017-02-11,0.00218,0.002319,0.002173,0.002319,60262.5175467,8.0
722,XLM,2017-02-12,0.002064,0.002168,0.001892,0.002168,22149.1337238,7.0
723,XLM,2017-02-14,0.001892,0.001892,0.001892,0.001892,10592.30173647,1.0
724,XLM,2017-02-15,0.001984,0.001984,0.001894,0.001894,1592.48,2.0
725,XLM,2017-02-16,0.002207,0.002207,0.002164,0.002164,1082.12821833,2.0
726,XLM,2017-02-17,0.002361,0.002361,0.002361,0.002361,100.0,1.0
727,XLM,2017-02-18,0.00196,0.002047,0.001959,0.002047,46817.07317073,3.0
728,XLM,2017-02-19,0.001987,0.001987,0.001985,0.001985,255960.3549099,6.0
729,XLM,2017-02-20,0.001985,0.002063,0.001953,0.001985,1414438.95027226,36.0
730,XLM,2017-02-21,0.001985,0.001985,0.001985,0.001985,810.43327889,1.0
731,XLM,2017-02-22,0.002367,0.002367,0.001951,0.001951,416068.53212288,4.0
732,XLM,2017-02-23,0.001951,0.001985,0.00195,0.00196,139578.37483882,9.0
733,XLM,2017-02-24,0.001911,0.002,0.001806,0.001831,3283084.3653274,48.0
734,XLM,2017-02-25,0.001801,0.001857,0.0018,0.001857,2355124.48039615,27.0
735,XLM,2017-02-26,0.001842,0.001884,0.001732,0.001884,226339.73100318,8.0
736,XLM,2017-02-27,0.001818,0.001886,0.001795,0.001804,234547.66841817,16.0
737,XLM,2017-02-28,0.001794,0.001934,0.001793,0.00192,179008.50615437,11.0
738,XLM,2017-03-01,0.001833,0.00185,0.001708,0.00174,1366155.15555559,27.0
739,XLM,2017-03-02,0.001739,0.001744,0.001691,0.001736,585963.0895226,10.0
740,XLM,2017-03-03,0.001724,0.001848,0.0017,0.001702,1434051.00628734,29.0
741,XLM,2017-03-04,0.001701,0.001753,0.001701,0.00175,434861.53349149,10.0
742,XLM,2017-03-05,0.001704,0.001742,0.0017,0.001742,1165051.65675381,12.0
743,XLM,2017-03-06,0.001738,0.001819,0.00171,0.001817,1292719.88793111,24.0
744,XLM,2017-03-07,0.0019,0.002,0.001854,0.001967,1968760.87892259,120.0
745,XLM,2017-03-08,0.0021,0.0021,0.0018,0.0018,1035441.15715047,16.0
746,XLM,2017-03-09,0.001796,0.002026,0.001703,0.002014,1188143.71426651,27.0
747,XLM,2017-03-10,0.001872,0.001969,0.001401,0.001402,1002464.7857158,43.0
748,XLM,2017-03-11,0.00177,0.001805,0.001661,0.001661,2360527.89582313,85.0
749,XLM,2017-03-12,0.001822,0.001822,0.001731,0.001767,350023.36022616,21.0
750,XLM,2017-03-13,0.001771,0.002093,0.001771,0.001849,791597.47439331,30.0
751,XLM,2017-03-14,0.002098,0.002098,0.0018,0.001817,213956.25273345,13.0
752,XLM,2017-03-15,0.001959,0.001999,0.001851,0.001938,309247.61098083,17.0
753,XLM,2017-03-16,0.001832,0.001992,0.001675,0.001691,1423057.4762814,29.0
754,XLM,2017-03-17,0.001701,0.001977,0.001673,0.001768,4166039.36303248,47.0
755,XLM,2017-03-18,0.00185,0.001993,0.0018,0.001983,627899.47506853,10.0
756,XLM,2017-03-19,0.001999,0.001999,0.001701,0.001701,1082121.62091317,24.0
757,XLM,2017-03-20,0.001855,0.001999,0.001701,0.001999,858449.75814154,20.0
758,XLM,2017-03-21,0.0019,0.0021,0.001721,0.0021,1793495.06915075,40.0
759,XLM,2017-03-22,0.002249,0.002249,0.001859,0.00188,649625.55308255,12.0
760,XLM,2017-03-23,0.001859,0.0022,0.001859,0.0022,191501.77294583,16.0
761,XLM,2017-03-24,0.002248,0.002396,0.001871,0.00195,17226985.32142501,214.0
762,XLM,2017-03-25,0.002199,0.002199,0.002,0.002,177010.0,4.0
763,XLM,2017-03-26,0.002,0.00205,0.0019,0.001991,617149.82608063,19.0
764,XLM,2017-03-27,0.001999,0.002195,0.00186,0.00187,4032115.91714396,47.0
765,XLM,2017-03-28,0.002095,0.002095,0.001837,0.002095,506166.96223466,24.0
766,XLM,2017-03-29,0.001881,0.0021,0.00184,0.001917,1700301.9315037,69.0
767,XLM,2017-03-30,0.00199,0.0023,0.001883,0.0023,13103484.6384192,253.0
768,XLM,2017-03-31,0.0023,0.002844,0.002083,0.002282,15694595.63289771,394.0
769,XLM,2017-04-01,0.002278,0.00285,0.002149,0.00285,5689297.63971619,167.0
770,XLM,2017-04-02,0.00254,0.0051,0.00254,0.004405,4284001.54582286,221.0
771,XLM,2017-04-03,0.004411,0.00509,0.002501,0.003036,12815897.12294082,387.0
772,XLM,2017-04-04,0.003215,0.0035,0.00279,0.003011,3608854.71743478,175.0
773,XLM,2017-04-05,0.002996,0.003508,0.002925,0.003082,5289453.33155928,219.0
774,XLM,2017-04-06,0.002986,0.00344,0.002762,0.002831,3621136.41852049,161.0
775,XLM,2017-04-07,0.002965,0.002975,0.00267,0.002719,2480286.72756775,191.0
776,XLM,2017-04-08,0.002735,0.0036,0.002612,0.003064,4526844.95576729,182.0
777,XLM,2017-04-09,0.00285,0.003162,0.002701,0.002769,1471580.06148355,45.0
778,XLM,2017-04-10,0.002745,0.002875,0.002709,0.002858,2433135.06469038,54.0
779,XLM,2017-04-11,0.002879,0.002879,0.0027,0.0028,1699645.75097127,44.0
780,XLM,2017-04-12,0.002792,0.00325,0.002769,0.003097,2191870.80818866,78.0
781,XLM,2017-04-13,0.003176,0.003178,0.002851,0.003132,2402027.37004268,87.0
782,XLM,2017-04-14,0.003127,0.003283,0.002881,0.003223,1168395.01138204,32.0
783,XLM,2017-04-15,0.003173,0.0034,0.002914,0.003369,637818.40479354,26.0
784,XLM,2017-04-16,0.003436,0.003989,0.00337,0.003623,3235661.52863983,77.0
785,XLM,2017-04-17,0.003679,0.003799,0.003321,0.003531,1634961.6186993,88.0
786,XLM,2017-04-18,0.003701,0.003701,0.003,0.0037,3266124.2795364,70.0
787,XLM,2017-04-19,0.003699,0.0037,0.0035,0.003534,812812.84688252,53.0
788,XLM,2017-04-20,0.00355,0.003613,0.003243,0.003455,2072614.57532821,83.0
789,XLM,2017-04-21,0.0034,0.003476,0.003375,0.003453,60864.94044809,9.0
790,XLM,2017-04-22,0.003538,0.003644,0.003433,0.003499,1105802.84787873,34.0
791,XLM,2017-04-23,0.003521,0.00357,0.0033,0.003502,1039908.92595992,40.0
792,XLM,2017-04-24,0.00353,0.004,0.003468,0.004,2964254.31577561,130.0
793,XLM,2017-04-25,0.003929,0.004,0.003744,0.00377,433189.0120832,35.0
794,XLM,2017-04-26,0.003832,0.00409,0.00381,0.004026,2083523.08806312,86.0
795,XLM,2017-04-27,0.004055,0.004089,0.003863,0.004033,704256.18878643,47.0
796,XLM,2017-04-28,0.004,0.004655,0.00281,0.004535,1862788.57148063,83.0
797,XLM,2017-04-29,0.004548,0.00515,0.00435,0.004661,5185280.62377631,166.0
798,XLM,2017-04-30,0.005084,0.0055,0.0048,0.004805,1323826.43555814,64.0
799,XLM,2017-05-01,0.004805,0.005922,0.004607,0.005,19447492.13309492,530.0
800,TRX,2017-12-12,0.0011,0.01,0.0011,0.00978436,29450.39712764,7.0
801,TRX,2017-12-13,0.01,0.1,0.003,0.0155,47042.86805274,90.0
802,TRX,2017-12-14,0.0155,0.02988,0.01110022,0.0221,312706.7383707,400.0
803,TRX,2017-12-15,0.0219,0.02398,0.015,0.02081141,286635.20373881,394.0
804,TRX,2017-12-16,0.02081141,0.03999999,0.0175,0.03486901,203596.87677232,423.0
805,TRX,2017-12-17,0.03856,0.05,0.035,0.0399749,315187.62538025,576.0
806,TRX,2017-12-18,0.0399749,0.055,0.0342975,0.04649957,586292.90373594,680.0
807,TRX,2017-12-19,0.048,0.05189997,0.04299998,0.04488989,1255170.51509289,630.0
808,TRX,2017-12-20,0.04300003,0.04599,0.03550002,0.04100003,498195.16515788,626.0
809,TRX,2017-12-21,0.05899999,0.06399998,0.05,0.05787,797807.50573742,602.0
810,TRX,2017-12-22,0.04301,0.0486,0.0357,0.042,345088.31658424,389.0
811,TRX,2017-12-23,0.04151,0.06200001,0.04001,0.05700001,295144.6710601,411.0
812,TRX,2017-12-24,0.0589,0.0589,0.039,0.041,206936.25952258,393.0
813,TRX,2017-12-25,0.03760001,0.040458,0.03660002,0.0371,160040.16289419,204.0
814,TRX,2017-12-26,0.03799999,0.03896999,0.0371,0.037503,41196.95782772,96.0
815,TRX,2017-12-27,0.04250401,0.04299896,0.037,0.0409403,442661.33348065,300.0
816,TRX,2017-12-28,0.03500122,0.041978,0.031,0.0400001,496243.11640894,450.0
817,TRX,2017-12-29,0.040898,0.042,0.0365001,0.039,449662.00359119,750.0
818,TRX,2017-12-30,0.036,0.0405,0.033,0.040395,893872.28822731,1179.0
819,TRX,2017-12-31,0.03974006,0.047,0.03900082,0.04525589,845751.15773543,1050.0
820,TRX,2018-01-01,0.051,0.0549395,0.049,0.05400001,243317.0965803,300.0
821,TRX,2018-01-02,0.0780001,0.08399,0.0711,0.08363238,262396.61101787,300.0
822,TRX,2018-01-03,0.0991,0.10349999,0.098005,0.10312285,171834.87613271,275.0
823,TRX,2018-01-04,0.10312285,0.22109999,0.1031,0.22109999,62900.73356589,175.0
824,TRX,2018-01-05,0.25,0.261,0.23655752,0.2380001,138503.53908521,216.0
825,TRX,2018-01-06,0.2380001,0.24135991,0.2,0.21073159,120859.26224138,234.0
826,TRX,2018-01-07,0.18999999,0.192192,0.17413174,0.1768,92640.57354649,300.0
827,TRX,2018-01-08,0.18301899,0.19199999,0.181586,0.18601187,109469.31452339,300.0
828,TRX,2018-01-09,0.16666004,0.16666004,0.1605,0.1605,172606.10374128,300.0
829,TRX,2018-01-10,0.1444731,0.14447321,0.127,0.12799998,109223.69216781,300.0
830,TRX,2018-01-11,0.12600001,0.132,0.12,0.132,235693.40218267,300.0
831,TRX,2018-01-12,0.12369436,0.12561616,0.11900001,0.1201,225121.46899386,327.0
832,TRX,2018-01-13,0.121765,0.125,0.11000001,0.1129846,382248.20815265,765.0
833,TRX,2018-01-14,0.11205615,0.11207087,0.09520945,0.10059995,424863.10432052,1108.0
834,TRX,2018-01-15,0.09800001,0.102,0.08200001,0.0895337,787462.48497157,1312.0
835,TRX,2018-01-16,0.0810603,0.08366401,0.063456,0.065,764087.09409738,1200.0
836,TRX,2018-01-17,0.068,0.068,0.05777777,0.06000011,388779.41842061,792.0
837,TRX,2018-01-18,0.09354433,0.11549999,0.08590001,0.09460001,652278.35378763,1189.0
838,TRX,2018-01-19,0.0951,0.0975,0.08700008,0.09336699,323823.90112316,591.0
839,TRX,2018-01-20,0.09344116,0.095,0.0900005,0.09321011,444613.07581487,626.0
840,TRX,2018-01-21,0.09367069,0.09367069,0.092,0.092011,48986.17384991,121.0
841,TRX,2018-01-23,0.0777,0.07830003,0.07478507,0.07648119,160289.91538384,337.0
842,TRX,2018-01-24,0.076,0.07651,0.074,0.0751,405086.11569334,474.0
843,TRX,2018-01-25,0.0761782,0.0761782,0.07250001,0.07427738,231907.94454173,674.0
844,TRX,2018-01-26,0.074,0.07496759,0.065,0.07094269,584600.29258841,1181.0
845,TRX,2018-01-27,0.07094267,0.073,0.06901,0.0724,621849.83087183,1105.0
846,TRX,2018-01-28,0.0723998,0.07389999,0.0687,0.06957705,500772.55178429,985.0
847,TRX,2018-01-29,0.07,0.07058192,0.06753,0.06919987,852301.21960836,1344.0
848,TRX,2018-01-30,0.06800245,0.06849924,0.05597552,0.05859,823149.72710492,1221.0
849,TRX,2018-01-31,0.05859,0.05959972,0.05558212,0.05777001,362236.40880157,890.0
850,TRX,2018-02-01,0.0606121,0.061099,0.04915135,0.0495,446562.58669749,915.0
851,TRX,2018-02-02,0.0453,0.048,0.0313,0.042,65206312.67493621,6243.0
852,TRX,2018-02-03,0.041453,0.05199998,0.0361,0.045579,36428658.28360209,3757.0
853,TRX,2018-02-04,0.04534,0.05162,0.035111,0.038076,31391419.92695594,4190.0
854,TRX,2018-02-05,0.038076,0.04451573,0.0281,0.030112,48969612.97352275,4863.0
855,TRX,2018-02-06,0.0304,1.0,0.021,0.04,70296298.67231783,6442.0
856,TRX,2018-02-07,0.036,0.04976,0.031833,0.0325,48327301.75194671,5067.0
857,TRX,2018-02-08,0.03234,0.0435,0.032302,0.03806,21881784.86626293,4305.0
858,TRX,2018-02-09,0.03801,0.05398,0.03552,0.046889,49879107.99095937,7098.0
859,TRX,2018-02-10,0.046889,0.068,0.04256,0.04815,76428478.9648345,10446.0
860,TRX,2018-02-11,0.04815,0.05312,0.039,0.04599,35513898.13328823,5468.0
861,TRX,2018-02-12,0.04205,0.05,0.04205,0.04868924,29081016.70229947,4555.0
862,TRX,2018-02-13,0.0462,0.049,0.042,0.0429,22682803.89004044,3624.0
863,TRX,2018-02-14,0.0431,0.05199789,0.0425,0.046041,28381549.49156835,5180.0
864,TRX,2018-02-15,0.04989993,0.05349,0.044,0.04628,36205037.23687236,6238.0
865,TRX,2018-02-16,0.04618,0.07,0.045931,0.05269,41085621.50264187,6976.0
866,TRX,2018-02-17,0.052563,0.0698,0.0508,0.05489,34329538.10254676,5547.0
867,TRX,2018-02-18,0.05800058,0.05835078,0.04731,0.05285517,34852094.59102878,5291.0
868,TRX,2018-02-19,0.05314671,0.055,0.049,0.051729,15039604.6570498,3311.0
869,TRX,2018-02-20,0.05169,0.05335974,0.045,0.04671,26438252.76276697,3782.0
870,TRX,2018-02-21,0.046586,0.05099852,0.042,0.0441,25470713.18772649,4027.0
871,TRX,2018-02-22,0.04387,0.05,0.039,0.04400005,24073413.34203708,3637.0
872,TRX,2018-02-23,0.03987,0.048,0.03825,0.04264,18177239.86118919,3236.0
873,TRX,2018-02-24,0.042559,0.04729977,0.039001,0.04032,20421280.8520526,2780.0
874,TRX,2018-02-25,0.04013,0.04439,0.03901,0.039801,13056020.24826977,2517.0
875,TRX,2018-02-26,0.03998,0.04512327,0.0381,0.0429,19045730.11862638,2965.0
876,TRX,2018-02-27,0.041749,0.04494375,0.04065,0.042371,16556000.15188399,2878.0
877,TRX,2018-02-28,0.042371,0.04901351,0.04055,0.04615071,43890355.33433655,5596.0
878,TRX,2018-03-01,0.04615064,0.05064737,0.04216,0.05000005,31108065.63509178,4482.0
879,TRX,2018-03-02,0.05029998,0.057,0.0469,0.05402717,71306310.18346995,9000.0
880,TRX,2018-03-03,0.053059,0.0548,0.0478,0.0491,27183957.89634803,3939.0
881,TRX,2018-03-04,0.049368,0.053001,0.04698,0.04817,20728384.79410458,3034.0
882,TRX,2018-03-05,0.04806,0.04947997,0.045999,0.046466,20647939.99379859,3039.0
883,TRX,2018-03-06,0.04622,0.0498,0.043,0.043721,18733273.17435325,2944.0
884,TRX,2018-03-07,0.044079,0.04696538,0.0341,0.038201,40319477.4291786,5339.0
885,TRX,2018-03-08,0.038463,0.04328909,0.03501,0.03956614,21012012.19016033,3026.0
886,TRX,2018-03-09,0.0363,0.04025157,0.03001,0.0371,31826548.01913107,4390.0
887,TRX,2018-03-10,0.0369,0.04140458,0.034,0.03608,19794870.31950622,3035.0
888,TRX,2018-03-11,0.03608,0.0411,0.033,0.03842,16456210.46046429,2592.0
889,TRX,2018-03-12,0.04000852,0.04399,0.03401,0.03769987,16296015.20467977,3062.0
890,TRX,2018-03-13,0.03746511,0.04245,0.0345,0.03760041,11145918.87455923,2305.0
891,TRX,2018-03-14,0.03697,0.0385,0.03,0.0308,20303021.17237374,3271.0
892,TRX,2018-03-15,0.03354574,0.03354574,0.028,0.03015,19820380.43532566,3450.0
893,TRX,2018-03-16,0.030149,0.032593,0.0289,0.03007,13564206.06745185,2500.0
894,TRX,2018-03-17,0.03007,0.032,0.027682,0.03018031,9929513.35091576,1875.0
895,TRX,2018-03-18,0.02984863,0.03122,0.023061,0.03038839,47759867.28312834,5090.0
896,TRX,2018-03-19,0.028971,0.039,0.028322,0.032414,36872970.6513367,5249.0
897,TRX,2018-03-20,0.03241,0.044,0.031071,0.038309,55373701.70666627,6547.0
898,TRX,2018-03-21,0.038309,0.045,0.036,0.037096,56646122.64878704,6061.0
899,TRX,2018-03-22,0.037296,0.04,0.034,0.037901,28486076.94433353,4455.0
