,Currency_x,time_period_end,price_open_x,price_high_x,price_low_x,BTC_close,volume_traded_x,trades_count_x,Currency_y,price_open_y,price_high_y,price_low_y,ETH_close,volume_traded_y,trades_count_y,Open_x,High_x,Low_x,XLM_close,Adj Close_x,Volume_x,Currency,price_open,price_high,price_low,LTC_close,volume_traded,trades_count,Open_y,High_y,Low_y,TRX_close,Adj Close_y,Volume_y,Open_x,High_x,Low_x,XLM_close,Adj Close_x,Volume_x,Open_y,High_y,Low_y,TRX_close,Adj Close_y,Volume_y,Open_x,High_x,Low_x,XLM_close,Adj Close_x,Volume_x,Open_y,High_y,Low_y,TRX_close,Adj Close_y,Volume_y
0,BTC,2017-09-04,4343.5,5230.0,4164.79,4606.26,1062412.303894597,1333484.0,ETH,348.2,424.0,325.1,350.63,3752577.622042681,923572.0,0.2303,0.2329,0.1901,0.2173,0.2173,95883804,LTC,64.333,108.0,55.0,79.44,11985063.787426012,1125532.0,609.849976,718.919983,472.51000999999997,556.900024,556.900024,312123445,1.57,32.540001000000004,0.1796,0.9468,0.9468,11601268,1.3,1.3,0.6992,0.745,0.745,57981671,0.02138,0.02138,0.0158,0.01669,0.01669,5065468,0.06377999999999999,0.06377999999999999,1e-06,0.002094,0.002094,187058
1,BTC,2017-09-11,4626.05,5259.0,3672.71,4233.9,1390836.356846913,1518322.0,ETH,353.06,359.98999,225.0,297.9,5289827.342828473,1120615.0,0.2173,0.2242,0.1483,0.1814,0.1814,93660666,LTC,79.45,89.97,56.43,67.205,11473406.0171787,1030460.0,556.900024,590.169983,301.549988,439.07000700000003,439.07000700000003,254085630,0.9406,1.164,0.6481,0.7914,0.7914,18636340,0.745,0.8944,0.5149,0.6233,0.6233,32275261,0.01669,0.0182,0.00611,0.01123,0.01123,5283744,0.0020859999999999997,2.31,0.000138,0.003346,0.003346,414140
2,BTC,2017-09-18,4251.36,4628.0,2810.46,3719.0,1639051.08017491,1790075.0,ETH,300.34,319.0,174.77775566,259.1,7414975.244341036,1228461.0,0.1814,0.1946,0.1675,0.1757,0.1757,45948362,LTC,67.205,80.01,32.454,50.718,17456525.670531508,1050122.0,439.07000700000003,548.130005,395.089996,421.19000199999994,421.19000199999994,223706002,0.8795,0.9431,0.6798,0.7848,0.7848,14812349,0.6233,0.7128,0.5312,0.5454,0.5454,21760349,0.01123,0.01384,0.010190000000000001,0.01157,0.01157,3866225,0.003853,117989312.0,0.00026000000000000003,0.002247,0.002247,542829
3,BTC,2017-09-25,3719.98,4494.99,3300.0,3672.7,755679.085257386,1076316.0,ETH,257.0,303.78,250.0,282.0,3913492.310373052,901100.0,0.1757,0.2146,0.1748,0.2083,0.2083,75129454,LTC,50.718,60.0,43.852209,47.3,8209168.391556268,688869.0,421.19000199999994,481.589996,417.100006,418.049988,418.049988,172460832,0.8416,1.537,0.8129,1.523,1.523,43949557,0.5454,0.8435,0.5245,0.7085,0.7085,40938387,0.01157,0.01491,0.0113,0.013869999999999999,0.013869999999999999,2779679,0.002344,30997000.0,0.000737,0.001884,0.001884,281497
4,BTC,2017-10-02,3669.01,4499.99,3336.67,4388.74,472200.800202112,934442.0,ETH,283.21,319.0,278.0,303.25,2481832.167651315,659924.0,0.2083,0.2811,0.198,0.2799,0.2799,134367621,LTC,47.71,64.99,46.73,54.69,6025922.202417491,563975.0,418.049988,432.22000099999997,335.700012,343.519989,343.519989,185655094,1.523,1.985,1.162,1.2,1.2,54572455,0.7085,0.719,0.5712,0.606,0.606,19784708,0.013869999999999999,0.0247,0.01126,0.018619999999999998,0.018619999999999998,10969235,0.0018399999999999998,5217704.5,0.001707,0.002689,0.002689,1666841
5,BTC,2017-10-09,4394.81,4715.0,3771.0,4597.98,364896.181616981,782734.0,ETH,301.24,321.39,240.0,308.59,1628639.783575489,483928.0,0.2799,0.2802,0.233,0.2652,0.2652,210602902,LTC,54.7,56.888826,48.48,53.31,2864180.505774065,337148.0,343.519989,350.109985,282.179993,314.100006,314.100006,205170304,1.243,1.644,1.153,1.56,1.56,34334253,0.606,0.642,0.5248,0.5738,0.5738,25657378,0.018619999999999998,0.02199,0.0158,0.0188,0.0188,7534080,0.0025800000000000003,0.00339,0.001419,0.00225,0.00225,90993
6,BTC,2017-10-16,4602.51,6004.5,3500.0,5680.0,701016.700663637,1347741.0,ETH,309.83,352.99,283.0,337.23,2899963.83177065,872662.0,0.2652,0.2977,0.1954,0.2014,0.2014,231372957,LTC,53.31,74.0,47.21,65.86,8938489.339826869,912456.0,314.049988,399.859985,305.959991,325.880005,325.880005,211291516,1.58,1.627,1.16,1.24,1.24,10156846,0.574,0.5946,0.4979,0.5192,0.5192,20745337,0.018969999999999997,0.047889999999999995,0.01855,0.03138,0.03138,41956052,0.00297,0.00392,0.0017699999999999999,0.00265,0.00265,99690
7,BTC,2017-10-23,5683.92,6500.0,4850.1,5969.0,609856.833388606,1244766.0,ETH,336.89,355.88,281.597157,295.14,2458512.26839791,994283.0,0.2015,0.2169,0.183,0.2015,0.2015,72740026,LTC,65.52,74.0,52.6,56.75,5773200.158292453,771293.0,324.880005,523.080017,300.26001,451.910004,451.910004,453470339,1.186,1.35,1.081,1.236,1.236,13793645,0.5189,0.6793,0.4776,0.6668,0.6668,22833543,0.0314,0.0429,0.0295,0.03021,0.03021,12017753,0.00265,0.00469,0.00215,0.0026899999999999997,0.0026899999999999997,17473
8,BTC,2017-10-30,5982.4,6500.5,4780.0,6132.76,617167.4614233989,1252992.0,ETH,295.14,325.24,271.54,304.39,1660977.7746984032,915418.0,0.2015,0.2263,0.1755,0.1997,0.1997,80848783,LTC,56.75,60.96,51.174,56.59,3735338.0066891536,783709.0,451.910004,686.210022,416.059998,625.719971,625.719971,861710743,1.231,1.73,1.197,1.525,1.525,17118668,0.6671,1.42,0.6409,1.09,1.09,152142037,0.03021,0.032139999999999995,0.02345,0.026639999999999997,0.026639999999999997,7166787,0.0026899999999999997,0.0037,0.00202,0.00248,0.00248,10783
9,BTC,2017-11-06,6150.0,7899.99,4780.0,7366.7,755455.0704716541,1708218.0,ETH,303.21,314.4,274.0,295.63,2096217.68739901,1303720.0,0.1997,0.2235,0.1861,0.1915,0.1915,132600623,LTC,56.59,61.49,49.022,54.67,3666691.857569183,902770.0,625.719971,2694.3701170000004,522.789978,1374.390015,1374.390015,2204832380,1.441,2.167,1.406,1.519,1.519,46428033,1.09,1.21,0.9015,1.09,1.09,80148978,0.026639999999999997,0.0399,0.0263,0.02854,0.02854,15125472,0.00248,0.0031,0.00157,0.00185,0.00185,11500
10,BTC,2017-11-13,7373.3,8121.9,5400.2,5886.35,1126347.24265602,2386618.0,ETH,295.38,340.0,284.01,307.1,4002251.574538018,1597288.0,0.1915,0.2809,0.1906,0.2321,0.2321,201866436,LTC,54.67,83.0,53.06,58.81,9102934.905252418,1271075.0,1369.5,1515.469971,856.9500119999999,1176.660034,1176.660034,1463062108,1.685,1.846,1.455,1.6,1.6,27897143,1.09,2.06,1.08,1.88,1.88,157135105,0.028239999999999998,0.04,0.027889999999999998,0.0365,0.0365,9736348,0.00185,0.00263,0.00175,0.00196,0.00196,31422
11,BTC,2017-11-20,5870.03,8900.0,5721.0,8052.7,906310.8240226121,2171551.0,ETH,303.42,377.0,302.27,354.59,4233538.685731933,1739968.0,0.2322,0.2531,0.2292,0.245,0.245,159052313,LTC,58.82,78.0,57.395,71.7,7557416.905014328,1144601.0,1177.069946,1765.7600100000002,1146.25,1719.359985,1719.359985,1108048504,1.651,2.058,1.518,1.878,1.878,33628072,1.88,2.71,1.71,2.46,2.46,107801021,0.03671,0.0486,0.036,0.0486,0.0486,11169354,0.00196,0.003,0.00183,0.0020800000000000003,0.0020800000000000003,41250
12,BTC,2017-11-27,8016.58,9975.0,7586.0,9306.21,615291.5110906679,1740298.0,ETH,351.39,495.0,311.0,469.6,4848840.408522187,2025434.0,0.2445,0.2806,0.2128,0.2449,0.2449,276267746,LTC,71.7,94.0,67.0,86.62,8376073.904822385,1378352.0,1718.72998,1720.27002,1174.839966,1511.459961,1511.459961,1089229811,1.983,2.632,1.709,2.305,2.305,40727265,2.46,4.12,2.35,3.58,3.58,246212205,0.04863,0.09819,0.0475,0.08946,0.08946,70810297,0.0020800000000000003,0.00294,0.00186,0.002,0.002,49435
13,BTC,2017-12-04,9401.11,16000.0,8595.55,11290.0,1206519.463638336,3097136.0,ETH,469.8,547.999,380.0,465.0,5317139.647356002,2163523.0,0.2449,0.253,0.2005,0.2271,0.2271,298410805,LTC,86.61,131.0,70.02,99.865,12789315.896088924,1744255.0,1511.369995,1581.800049,1137.420044,1289.780029,1289.780029,993533431,2.383,3.522,2.327,2.515,2.515,59061169,3.58,5.12,3.28,3.67,3.67,343140477,0.08921,0.1587,0.087,0.114,0.114,84718112,0.002,0.00591,0.0019,0.00414,0.00414,331458
14,BTC,2017-12-11,11290.0,20403.14573,10718.0,14850.3,1354280.754110739,4604438.0,ETH,465.0,535.1,390.0,447.51,5237929.85655876,2431180.0,0.2271,0.8809,0.227,0.7114,0.7114,2145603948,LTC,100.43,199.0,84.4,150.99,17206954.40771043,2532941.0,1289.420044,2053.26001,1288.390015,1827.410034,1827.410034,1276221950,2.793,6.482,2.474,6.032,6.032,136458876,3.67,9.29,3.65,7.97,7.97,781538741,0.114,0.299,0.114,0.263,0.263,107131432,0.00414,0.04093,0.00409,0.03417,0.03417,2340780
15,BTC,2017-12-18,14943.0,20542.08,14000.61,18961.0,1529050.130636991,3906443.0,ETH,447.51,904.8522,421.17,708.78,7396612.673743695,3103470.0,0.7118,1.24,0.6203,0.9782,0.9782,2767193543,LTC,150.63,420.0,133.0,313.5,23924654.095772713,4072824.0,1827.410034,4112.390136999999,1716.839966,2797.919922,2797.919922,5734290526,6.033,6.309,4.125,5.287,5.287,173308443,7.97,12.49,3.14,7.99,7.99,957467412,0.2635,0.305,0.143,0.2116,0.2116,103137581,0.034,0.06969,0.02072,0.03812,0.03812,7930571
16,BTC,2017-12-25,18956.0,20633.88,7100.0,14221.94,1891707.144917077,5066336.0,ETH,732.17,944.0,361.90886,659.89,7286390.33169546,2813730.0,0.9782,2.44,0.9236,1.98,1.98,4178291965,LTC,324.75,396.0,144.0,261.99,15468278.534326838,2807628.0,2797.919922,2929.030029,2103.909912,2371.830078,2371.830078,1357852361,5.304,10.87,5.277,8.629,8.629,366549700,7.99,9.41,6.52,7.69,7.69,244035831,0.2118,0.37,0.1922,0.354,0.354,84293403,0.03615,0.05088,0.0288,0.04862,0.04862,5190945
17,BTC,2018-01-01,14107.87,400000.0,11651.0,13990.0,1131120.271484279,3769932.0,ETH,690.65,820.73483912,640.43,736.77,3175547.486742353,1513606.0,1.98,3.29,1.81,2.78,2.78,4609858006,LTC,261.38,328.48,195.0,227.17,5968626.153930681,1294627.0,2371.830078,2776.560059,2258.290039,2530.439941,2530.439941,1214324812,8.376,24.379998999999998,7.805,18.57,18.57,729338643,7.69,10.89,7.2,10.16,10.16,267160967,0.354,0.9199,0.3521,0.705,0.705,247386876,0.04862,0.3876,0.04231,0.2182,0.2182,66520179
18,BTC,2018-01-08,14794.91,18500.0,12777.0,16174.22,1116937.875393426,3261248.0,ETH,743.5,1213.27,717.94,1115.8,4672782.893028614,2155012.0,2.78,2.78,1.56,1.83,1.83,3606484077,LTC,227.18,350.0,120.5,272.13,7195136.0128703965,1507543.0,2530.5,2952.679932,2207.350098,2530.209961,2530.209961,1537408626,17.24,25.440001000000002,15.22,20.790001,20.790001,865802443,10.16,18.67,8.14,13.23,13.23,838115271,0.7054,0.718,0.42,0.6196,0.6196,85651922,0.2163,0.219,0.08429,0.08614,0.08614,29320512
19,BTC,2018-01-15,16167.15,18279.05,12000.0,13626.27,1068463.48402676,3187198.0,ETH,1115.8,1650.0,950.0,1365.46,5340916.027270738,2648435.0,1.83,1.88,0.8696,1.37,1.37,3953421611,LTC,271.69,314.48,167.92,239.0,6116342.185143735,1196343.0,2530.590088,2558.330078,1342.050049,1772.369995,1772.369995,1302050008,20.780001000000002,23.52,7.903,14.13,14.13,601095704,13.23,15.75,7.5,13.47,13.47,727140630,0.6194,0.674,0.3005,0.4513,0.4513,82363339,0.08614,0.1085,0.04135,0.0719,0.0719,19664800
20,BTC,2018-01-22,13647.99,15850.0,8550.11,11501.0,1854111.9717043908,4215803.0,ETH,1349.8,1534.16000001,750.0,1101.38749,6646186.761768632,2756036.0,1.37,1.44,1.11,1.36,1.36,1715318959,LTC,237.63,278.0,135.0,191.25,8851345.796334228,1436285.0,1772.369995,1805.8499760000002,1485.560059,1742.540039,1742.540039,545562486,13.26,14.4,12.29,13.64,13.64,369058095,13.47,15.14,11.6,14.75,14.75,589561268,0.46,0.6482,0.42,0.624,0.624,70495176,0.07176,0.08292000000000001,0.06009,0.06665,0.06665,7558124
21,BTC,2018-01-29,11558.87,14659.13,9659.14,11536.0,24877649.128163833,3051508.0,ETH,1160.0,1350.5,905.0,1279.0,3599445.441817698,1804648.0,1.36,1.37,0.6586,0.8166,0.8166,1709256733,LTC,190.93,250.0,163.48,191.12,3486077.099990469,672104.0,1742.540039,1753.530029,968.679993,1158.569946,1158.569946,594725532,13.04,13.12,8.055,8.432,8.432,157959231,14.75,14.85,8.38,8.89,8.89,504230989,0.624,0.6289,0.3,0.384,0.384,61382114,0.06657,0.06861,0.03215,0.03872,0.03872,6735170
22,BTC,2018-02-05,11835.0,14717.5,0.1,8167.91,44359366.47479115,3724638.0,ETH,1245.5,1320.37,671.81,826.0,4769664.616051558,2223596.0,0.8166,1.23,0.5722,0.9607,0.9607,1986920942,LTC,201.0,375.0,100.71,147.47,7513768.00117214,1014819.0,1158.630005,1381.630005,758.429993,1210.98999,1210.98999,824885599,7.117,10.04,6.243,8.707,8.707,142151618,8.89,9.9,5.8,8.33,8.33,355412075,0.375,0.4377,0.2593,0.3623,0.3623,58015211,0.03872,0.05687999999999999,0.0252,0.04219,0.04219,20756708
23,BTC,2018-02-12,8190.78,600000.0,4150.0,8070.5,38804801.00383507,4652464.0,ETH,825.2,999.0,515.0005,810.46,7002128.426447936,2535850.0,0.9607,1.2,0.9574,1.07,1.07,1084022243,LTC,147.51,291.01,100.0,148.92,10812511.947774757,1396292.0,1211.030029,1635.599976,1200.310059,1453.369995,1453.369995,563304659,9.606,12.54,8.852,10.68,10.68,169584468,8.33,10.12,8.33,9.06,9.06,228499732,0.3608,0.4802,0.3595,0.4347,0.4347,26713078,0.04214,0.055510000000000004,0.042,0.0496,0.0496,16903324
24,BTC,2018-02-19,8070.7,748780.0,200.0,10380.04,2632649691.081845,3003353.0,ETH,810.45,1050.0,808.52,913.13,2576417.338499605,1211850.0,1.07,1.13,0.8529,0.9012,0.9012,638946843,LTC,149.26,260.0,143.05,215.915,9114033.764073368,1283613.0,1453.199951,1553.98999,1136.359985,1172.579956,1172.579956,468661690,11.48,11.63,8.69,9.392,9.392,139694039,9.06,9.8,7.47,7.69,7.69,193198918,0.4347,0.4562,0.3275,0.3491,0.3491,28360382,0.049569999999999996,0.05341,0.03862,0.04021,0.04021,10177300
25,BTC,2018-02-26,10798.99,689279.2,-205671.2,9590.04,67098258.80059094,2982149.0,ETH,913.19,1029.0,780.0,840.86,2392444.6464017667,1100939.0,0.9014,1.03,0.8754,1.0,1.0,405016537,LTC,214.31,265.999,181.3219,218.86,8454199.764180118,1196285.0,1172.579956,1303.380005,1142.920044,1285.23999,1285.23999,264264686,10.11,11.22,9.772,10.41,10.41,211478045,7.69,9.13,7.39,8.15,8.15,152349829,0.3491,0.3737,0.3111,0.3624,0.3624,20946555,0.04015,0.057,0.0386,0.04819,0.04819,15067321
26,BTC,2018-03-05,9595.99,697724.7,2536.3,11499.0,67363662.99053073,2261314.0,ETH,840.0,949.99,800.0,866.06,1309236.235053696,799998.0,1.0,1.09,0.7325,0.8173,0.8173,840092253,LTC,218.81,262.0,200.0,213.47,4489552.227455812,717174.0,1285.23999,1291.839966,926.6900019999999,1138.839966,1138.839966,346851104,10.35,10.41,7.589,8.261,8.261,141994048,8.15,8.29,5.21,6.04,6.04,251234601,0.3624,0.4026,0.2608,0.3034,0.3034,30760761,0.04819,0.04849,0.03065,0.03875,0.03875,9171065
27,BTC,2018-03-12,11500.0,100000.0,0.00015709,9535.04,42746946.234301545,3296369.0,ETH,866.06,915.0,600.0,719.79,2384373.264934644,1208039.0,0.8173,0.8282,0.5386,0.65,0.65,481909160,LTC,213.47,227.94,3.388e-05,192.00097073,5565726.911915693,855898.0,1138.839966,1150.219971,848.580017,936.2700199999999,936.2700199999999,386854084,7.913,11.08,7.837,8.963,8.963,333277445,6.04,6.18,3.89,4.62,4.62,193145765,0.3034,0.3104,0.1581,0.2191,0.2191,24812718,0.03875,0.039639999999999995,0.02349,0.02932,0.02932,6267545
28,BTC,2018-03-19,9631.0,90520.7,2548.77,8200.3,37804995.64649996,3268453.0,ETH,739.0,825.0,450.0,538.0,3970232.290184437,1338108.0,0.65,0.7249,0.6139,0.6341,0.6341,431210225,LTC,188.35,200.25,137.01,154.0,5136993.269597413,754665.0,936.2800289999999,1084.51001,912.2800289999999,975.3800050000001,975.3800050000001,279752141,9.451,14.34,8.701,12.94,12.94,415084595,4.62,7.28,4.52,6.43,6.43,497980529,0.219,0.2822,0.2101,0.239,0.239,27761756,0.02932,0.05279,0.02852,0.04534,0.04534,21547301
29,BTC,2018-03-26,8200.0,950000.0,5612.59,8453.0,31894691.56801113,2405913.0,ETH,536.59,644.97,435.0,522.55,3097011.630002925,1104875.0,0.6341,0.6377,0.4552,0.4787,0.4787,337795587,LTC,154.0,222.88,148.87,160.18,3677295.5218662415,566017.0,975.3800050000001,980.099976,627.080017,644.25,644.25,316663813,12.46,12.51,9.753,11.12,11.12,234577539,6.43,6.52,5.12,5.6,5.6,451553020,0.239,0.2453,0.1735,0.2049,0.2049,24566785,0.04531,0.05404,0.02833,0.03229,0.03229,26537682
30,BTC,2018-04-02,8453.0,85465.19,896.0,6816.6,27557187.47939504,2763740.0,ETH,522.41,725.0,328.20047,378.67,5062331.857833021,1525035.0,0.4787,0.5531,0.4592,0.4973,0.4973,230623872,LTC,160.0,222.76,108.0,114.96,5606834.537547146,740463.0,644.099976,724.900024,604.02002,657.4400019999999,657.4400019999999,174285314,11.51,14.04,11.26,12.18,12.18,240273445,5.6,6.41,5.41,5.98,5.98,208922984,0.2049,0.2373,0.188,0.2051,0.2051,24505428,0.03229,0.04612,0.029,0.0379,0.0379,19686304
31,BTC,2018-04-09,6816.7,11494.86,2936.1,7027.26,29371557.938723244,1882475.0,ETH,378.69,520.11,360.0,399.99,2790411.172446465,893959.0,0.4973,0.7077,0.4749,0.6935,0.6935,503973273,LTC,114.95,159.65,110.70728500000001,117.67,3857857.591418524,495634.0,657.4400019999999,788.450012,627.01001,782.049988,782.049988,211483527,11.72,14.25,11.58,13.08,13.08,240793217,5.98,9.57,5.75,8.53,8.53,793621997,0.2051,0.3072,0.1907,0.2954,0.2954,31664459,0.03787,0.04432,0.03406,0.04367,0.04367,16529742
32,BTC,2018-04-16,7023.9,11553243.63,5333.01,8351.575,33618189.141331725,2103626.0,ETH,399.9,554.0,386.19,533.74,4021133.8854841013,1323502.0,0.6936,0.9367,0.6349,0.862,0.862,761075657,LTC,117.67,144.38,102.0,132.52,4535382.287340325,504196.0,782.049988,1260.130005,745.049988,1195.640015,1195.640015,668906002,12.62,14.12,11.56,12.91,12.91,201362585,8.53,11.88,7.81,11.3,11.3,734528515,0.2954,0.4,0.2701,0.3649,0.3649,58179137,0.04365,0.056639999999999996,0.03997,0.052070000000000005,0.052070000000000005,20929198
33,BTC,2018-04-23,8353.43,1004583.14,1146.67,8797.01,37328464.62534582,1881775.0,ETH,533.86,653.09,487.0,620.07,3200544.067638632,1185882.0,0.862,0.9643,0.7618,0.8682,0.8682,805173804,LTC,132.67,159.43,123.26281999999999,148.31939999,4182306.975773229,538164.0,1195.640015,1569.349976,1193.329956,1440.089966,1440.089966,1554629794,13.12,15.92,13.0,15.02,15.02,283257071,11.3,23.02,11.23,21.41,21.41,2281824037,0.3649,0.4643,0.3234,0.4583,0.4583,57027969,0.052070000000000005,0.08934,0.05205,0.08836000000000001,0.08836000000000001,60191528
34,BTC,2018-04-30,8781.7,34812.79,6622.36,9393.99,41344626.560837395,2279923.0,ETH,620.45,917.87,266.0,691.9777,4203093.127737116,1536363.0,0.8682,0.9296,0.7823,0.8629,0.8629,458506304,LTC,146.58,172.53,121.80668100000001,153.24,4180112.594956451,565304.0,1440.089966,1843.660034,1244.319946,1756.569946,1756.569946,1022465843,14.79,15.33,13.71,13.99,13.99,166022064,21.41,21.639999,15.92,17.389999,17.389999,1710103669,0.4583,0.4602,0.3888,0.4096,0.4096,31918478,0.08838,0.1008,0.08023,0.08452,0.08452,49358299
35,BTC,2018-05-07,9396.32,10999.0,1007.94,9604.9,41664260.31555505,1734457.0,ETH,688.0,907.87,460.0,784.28,3385212.66063209,1374255.0,0.8629,0.8648,0.6291,0.7285,0.7285,500752960,LTC,153.39,187.32,132.0,171.56,3597055.8068038714,569877.0,1756.569946,1779.199951,1269.170044,1478.75,1478.75,1155454114,13.61,14.91,12.43,13.23,13.23,152980562,17.389999,18.959999,12.07,14.59,14.59,1562542251,0.4096,0.4121,0.2957,0.3702,0.3702,29250112,0.08452,0.08596000000000001,0.05914,0.07397999999999999,0.07397999999999999,24505792
36,BTC,2018-05-14,9621.99,37711.08,5328.85,8686.1,41016208.294642136,1780555.0,ETH,793.79,899.0,635.4835,729.29,3936773.234507598,1512790.0,0.7285,0.7497,0.6469,0.6985,0.6985,295867841,LTC,173.109,177.88771,130.9,144.31,3336669.8209838783,503155.0,1478.75,1493.790039,1130.380005,1291.589966,1291.589966,776611541,13.16,16.57,11.87,14.15,14.15,290336183,14.59,14.72,11.83,13.95,13.95,937363468,0.3702,0.3799,0.3001,0.3284,0.3284,19919327,0.07399,0.07804,0.06252,0.07697999999999999,0.07697999999999999,30189995
37,BTC,2018-05-21,8698.2,17787.59,6575.46,8516.86,38074097.17916308,1628874.0,ETH,728.83,769.97,647.0,713.5,2478277.223858547,1203775.0,0.6985,0.7021,0.5755,0.6044,0.6044,265065593,LTC,144.43,156.07416,112.0,142.126779,2642527.602627925,438075.0,1291.589966,1301.209961,945.7700199999999,996.4799800000001,996.4799800000001,568848558,13.96,14.86,12.12,12.64,12.64,209877987,13.95,14.16,10.34,12.44,12.44,925675218,0.3284,0.3294,0.2636,0.274,0.274,18257008,0.07697000000000001,0.08427,0.06505,0.07016,0.07016,38321957
38,BTC,2018-05-28,8520.0,20626.32,2033.18,7339.7,36013553.440534,1546513.0,ETH,715.11,917.87,1.61,570.75,3275420.965183384,1348328.0,0.6044,0.6883,0.5447,0.6883,0.6883,243982759,LTC,139.75,146.77777700000001,95.571912,117.83,1908721.4851732731,334965.0,996.4799800000001,1192.859985,872.409973,1168.410034,1168.410034,559551134,12.22,15.09,11.7,14.69,14.69,206021365,12.44,15.54,10.71,14.52,14.52,1167707957,0.274,0.3111,0.2454,0.3039,0.3039,20743745,0.07016,0.07056,0.055760000000000004,0.06172999999999999,0.06172999999999999,29355088
39,BTC,2018-06-04,7339.6,10132.5,2498.93,7703.67,34456208.76844496,1303367.0,ETH,569.0,675.7348053999999,5.85,619.4,3041551.816540429,1181692.0,0.6883,0.7036,0.5527,0.5817,0.5817,231283786,LTC,122.08468400000001,135.0,100.0,125.0,1999223.9985448741,319442.0,1168.430054,1210.849976,898.76001,937.2100220000001,937.2100220000001,638588883,14.28,17.52,13.66,14.2,14.2,297813688,14.52,14.97,10.05,11.01,11.01,1134337043,0.3039,0.3097,0.2388,0.2455,0.2455,12651946,0.06172999999999999,0.06226,0.04506,0.04718,0.04718,25144644
40,BTC,2018-06-11,7712.97,25000.0,4016.35,6885.94586521,34597936.26273516,1268192.0,ETH,618.94,643.9385,496.27,525.56,2099644.207938428,925954.0,0.5817,0.601,0.5047,0.5269,0.5269,204720303,LTC,125.42,134.0,102.7,106.35,1929473.394365771,289242.0,935.900024,980.5599980000001,802.280029,847.2800289999999,847.2800289999999,392699595,14.44,17.0,13.96,16.57,16.57,223349560,11.01,11.65,9.1,10.34,10.34,753361782,0.2455,0.263,0.2053,0.229,0.229,12134563,0.04728,0.04882,0.03759,0.042460000000000005,0.042460000000000005,9476949
41,BTC,2018-06-18,6781.17,19934.1,1346.63,6438.4,26649128.768387944,1257085.0,ETH,523.55,578.88,383.4329511,496.58,3471083.6555315587,1188976.0,0.5269,0.5612,0.4404,0.4747,0.4747,178092143,LTC,110.669141,120.0,72.00000001,95.01,2996161.4417203264,409490.0,847.2800289999999,928.8599849999999,662.599976,747.179993,747.179993,417703726,17.290001,17.83,14.16,14.47,14.47,219768948,10.34,10.91,6.9,8.05,8.05,627940535,0.229,0.2409,0.1772,0.1931,0.1931,9918560,0.042460000000000005,0.05186,0.038,0.04212,0.04212,10606572
42,BTC,2018-06-25,6447.15,14385.89,4095.85,6150.1,26081666.974816456,1227106.0,ETH,497.0,563.99994,420.0,455.32,2696060.02500951,972239.0,0.4747,0.4916,0.4248,0.4612,0.4612,127715777,LTC,95.01,110.5,73.294,80.61,2742086.5972408033,399493.0,747.1900019999999,785.73999,648.73999,736.909973,736.909973,318903255,14.71,15.15,13.27,14.31,14.31,105467525,8.05,8.49,7.04,8.13,8.13,475934803,0.1931,0.2026,0.1716,0.1993,0.1993,10743858,0.04212,0.0436,0.03461,0.037989999999999996,0.037989999999999996,4511172
43,BTC,2018-07-02,6148.1,9325.0,4008.0,6349.7,26851303.391853675,1156060.0,ETH,460.98,563.53,383.69597519999996,451.43,2372224.507009474,869538.0,0.4612,0.5193,0.4528,0.4782,0.4782,137548813,LTC,82.11010632,125.01,65.002,79.89,2625105.131801549,457487.0,736.909973,830.789978,698.900024,749.200012,749.200012,334178893,14.95,15.02,13.34,14.0,14.0,112961779,8.13,9.44,7.91,8.71,8.71,428739287,0.1993,0.2212,0.1935,0.2094,0.2094,10020303,0.037989999999999996,0.04154,0.03625,0.03754,0.03754,4519379
44,BTC,2018-07-09,6349.3,7578.0,0.00247877,6701.97,27786867.88713357,1218034.0,ETH,459.2,546.40999,400.9687263,486.08,1947016.535660089,779980.0,0.4782,0.4816,0.4246,0.4474,0.4474,87629983,LTC,79.848,96.99999,66.6,82.2,2097015.993824191,372932.0,749.200012,759.849976,662.77002,724.169983,724.169983,196793481,13.94,13.96,12.01,12.31,12.31,67022347,8.71,8.74,6.56,7.4,7.4,412200794,0.2094,0.2231,0.1803,0.2198,0.2198,10489583,0.03754,0.0377,0.0312,0.03437,0.03437,2713648
45,BTC,2018-07-16,6706.6,10000000.0,1450.0,7920.262,26781059.16382961,1119293.0,ETH,486.09,603.99999,416.53,449.41,1808919.5067286592,720255.0,0.4474,0.5236,0.4301,0.4488,0.4488,150557987,LTC,82.21,110.0,72.230001,78.51,2075670.6362278168,364746.0,724.169983,888.76001,717.450012,785.210022,785.210022,385480605,13.08,14.73,11.74,12.13,12.13,107781334,7.4,9.35,7.24,7.85,7.85,522637861,0.2204,0.3264,0.2196,0.2843,0.2843,46124621,0.03437,0.04358,0.033760000000000005,0.03514,0.03514,3961899
46,BTC,2018-07-23,6353.25,10000000.0,5309.56,7397.6,31634473.992659044,1689848.0,ETH,448.66,635.0,431.0,457.99,2202305.012886167,925490.0,0.4488,0.4689,0.4377,0.4529,0.4529,95218141,LTC,78.667,117.99,40.0,82.22,2510831.545668652,429187.0,785.210022,876.6300050000001,770.299988,830.3099980000001,830.3099980000001,305315995,12.67,15.12,11.77,13.98,13.98,153771574,7.85,8.96,7.71,8.34,8.34,368646676,0.2843,0.3509,0.2806,0.3074,0.3074,34208323,0.03514,0.04092,0.032889999999999996,0.03913,0.03913,4541070
47,BTC,2018-07-30,7398.7,99999999.99,7357.73127,8213.5,36038482.37876718,1638981.0,ETH,457.99,580.68345,431.0,466.01,1392994.4110604709,667860.0,0.4529,0.4626,0.4259,0.4347,0.4347,83928001,LTC,83.45299943,115.0,72.2300502,83.93,1739905.8788395359,336313.0,830.3099980000001,833.429993,687.76001,709.169983,709.169983,209664190,13.91,14.32,12.38,13.66,13.66,169111856,8.34,8.35,6.82,7.03,7.03,294852170,0.3074,0.3078,0.2324,0.2425,0.2425,30961698,0.03913,0.03946,0.02815,0.030160000000000003,0.030160000000000003,3601081
48,BTC,2018-08-06,8220.1,1750000.0,6607.37,7030.01,33638371.03266986,1619808.0,ETH,464.531,559.8399900000001,391.59261000000004,408.83,1710175.5231451541,721180.0,0.4347,0.437,0.2882,0.2958,0.2958,195112235,LTC,83.94,112.25,71.13037800000001,74.639,1535266.469116105,317956.0,709.169983,717.0599980000001,538.049988,571.3599849999999,571.3599849999999,226687080,13.52,13.79,11.27,11.81,11.81,103850548,7.03,7.23,4.82,4.96,4.96,416991220,0.2428,0.2469,0.1942,0.2242,0.2242,28814895,0.030160000000000003,0.03092,0.02179,0.02307,0.02307,3473634
49,BTC,2018-08-13,7030.0,999999.0,844.58,6313.9,29530713.04114664,1820952.0,ETH,408.96,530.0,300.411,318.15,2640684.261681538,934091.0,0.2958,0.3736,0.2468,0.3414,0.3414,195755907,LTC,78.50599978,93.68607800000001,40.04,59.44,2758036.813568752,424820.0,571.3599849999999,610.6099849999999,472.67999299999997,570.969971,570.969971,208390453,11.7,11.74,8.729,10.18,10.18,72985516,4.96,5.65,4.18,5.29,5.29,358365605,0.2242,0.2456,0.1955,0.2288,0.2288,25275040,0.02307,0.02458,0.016059999999999998,0.02201,0.02201,3031091
50,BTC,2018-08-20,6316.0,9739999.0,5522.5,6485.1,28304132.83363219,1577603.0,ETH,318.16,764.9,240.0,300.03,4620840.326245354,1178606.0,0.3414,0.3555,0.3107,0.323,0.323,134314808,LTC,59.43,86.400999,49.144,57.85,3018984.5840610736,401136.0,570.969971,576.349976,509.27999900000003,523.97998,523.97998,127858192,9.812,10.39,9.339,10.24,10.24,48217814,5.29,5.36,4.5,4.95,4.95,251865234,0.2288,0.2316,0.2028,0.2131,0.2131,11438682,0.02201,0.02311,0.019209999999999998,0.0228,0.0228,1431788
51,BTC,2018-08-27,6481.63,2275999.0,5668.01,6707.0,28464585.42916968,1313423.0,ETH,300.03,414.68,258.87,273.88,2426997.568879541,811253.0,0.323,0.357,0.3218,0.3417,0.3417,136565542,LTC,57.85,82.14271600000001,40.07,57.02,1861340.438677588,279398.0,523.97998,659.289978,520.070007,651.049988,651.049988,186643003,10.54,11.68,10.44,11.38,11.38,78231095,4.95,6.83,4.91,6.64,6.64,428913415,0.2131,0.2387,0.2127,0.2236,0.2236,18814756,0.0228,0.02787,0.022430000000000002,0.02567,0.02567,4015476
52,BTC,2018-09-03,6707.0,99999999.99,6283.2,7181.7,31527624.178938,1241521.0,ETH,274.26,402.17581,265.59504,295.06,2262393.358191844,683472.0,0.3417,0.3437,0.268,0.2759,0.2759,151388101,LTC,57.11,92.8,54.19,66.23,1870773.6456554332,310232.0,651.280029,656.200012,463.27999900000003,479.209991,479.209991,227697413,11.3,11.59,9.311,9.505,9.505,44045666,6.64,6.73,4.61,4.94,4.94,376922684,0.2237,0.2346,0.1892,0.1912,0.1912,17754087,0.02567,0.025939999999999998,0.01876,0.0193,0.0193,2562295
53,BTC,2018-09-10,7294.99,33999999.0,6073.9,6235.01,30676207.799088225,1467099.0,ETH,295.06,397.999,175.7,195.91,4972116.515438281,1218473.0,0.276,0.2856,0.2526,0.281,0.281,118368974,LTC,66.2,110.0,50.21000018,54.54,2760645.131619784,360824.0,479.209991,488.55999800000006,410.519989,450.459991,450.459991,156771668,9.619,10.29,9.062,9.942,9.942,58787501,4.94,5.55,4.73,5.41,5.41,224609480,0.1909,0.2124,0.1825,0.2067,0.2067,15280244,0.0193,0.020630000000000003,0.017159999999999998,0.01991,0.01991,2345239
54,BTC,2018-09-17,6240.0,99999999.99,6100.0,6498.0,41086937.30304175,1101772.0,ETH,195.92,362.5785,165.42700000000002,220.398,6990234.818649436,1344671.0,0.281,0.783,0.2667,0.5713,0.5713,1177119198,LTC,54.49,95.94,47.0,56.92,2708328.9345205016,353671.0,450.459991,510.959991,408.459991,489.52999900000003,489.52999900000003,220586495,9.574,10.48,9.292,10.28,10.28,61295177,5.41,6.31,4.65,6.03,6.03,353003230,0.2067,0.3016,0.1936,0.2813,0.2813,45473377,0.01991,0.02621,0.01807,0.0238,0.0238,5153713
55,BTC,2018-09-24,6497.87,99999999.99,6000.0,6696.99,27936594.434263,1306205.0,ETH,220.19,404.0,77.23,243.98403390000001,6741220.099239628,1239223.0,0.5713,0.6225,0.436,0.5817,0.5817,896465320,LTC,56.746,84.78,49.653,61.31,2814570.366533231,338800.0,489.52999900000003,588.719971,424.55999800000006,530.76001,530.76001,433817180,10.12,10.14,9.496,10.02,10.02,58237895,6.03,6.05,5.0,5.72,5.72,296399706,0.2813,0.2817,0.2309,0.2592,0.2592,35630947,0.0238,0.02423,0.02008,0.02216,0.02216,3374468
56,BTC,2018-10-01,6710.03023581,99999999.0,256.0,6607.8,8550900.209893933,1149206.0,ETH,244.7,321.075,201.426,232.27,5505631.50687666,1016761.0,0.5817,0.6045,0.4671,0.482,0.482,480795086,LTC,61.3,88.1,51.0,61.05,3241114.5098837437,357783.0,530.76001,552.429993,501.920013,519.659973,519.659973,154799724,9.972,10.84,9.801,10.56,10.56,97033169,5.72,5.93,5.41,5.76,5.76,147037373,0.2581,0.2635,0.2369,0.2438,0.2438,14151630,0.02216,0.027630000000000002,0.02119,0.026930000000000003,0.026930000000000003,3918448
57,BTC,2018-10-08,6607.8,9999999.99,740.12,6570.0,4177235.899621768,916936.0,ETH,232.27,309.09999,210.5,225.28,2309380.053023299,526888.0,0.482,0.5002,0.3761,0.4064,0.4064,321870012,LTC,61.05,81.680049,53.98,57.9,1462187.16162198,193984.0,519.659973,534.080017,426.119995,438.98999000000003,438.98999000000003,148159618,10.63,10.66,9.215,9.504,9.504,70478282,5.76,6.04,5.0,5.2,5.2,165201031,0.2438,0.2495,0.2045,0.2096,0.2096,12566456,0.026930000000000003,0.02817,0.02072,0.02376,0.02376,5514818
58,BTC,2018-10-15,6609.4,5000000.0,1290.28,6336.4,4200428.41002778,1067733.0,ETH,224.91,391.72479,151.0,196.75,3482655.218166134,714034.0,0.4064,0.5074,0.3964,0.4613,0.4613,292675127,LTC,58.332,90.0,48.708999999999996,51.36,1761455.1445289282,224143.0,438.98999000000003,509.799988,432.5,451.07000700000003,451.07000700000003,158366056,10.01,10.4,9.588,9.791,9.791,84870143,5.2,6.08,5.15,5.51,5.51,134669235,0.2096,0.2564,0.2083,0.2452,0.2452,16520634,0.02376,0.02775,0.02289,0.02456,0.02456,3343217
59,BTC,2018-10-22,6181.9,41435.67,1170.48,6415.88,4176147.1439459613,1237854.0,ETH,191.85,333.0,176.0,207.29,3499508.9732637736,661775.0,0.4613,0.4805,0.4402,0.462,0.462,158939592,LTC,51.37,93.51100000000001,50.052,52.23,1546794.6859563,196383.0,451.07000700000003,454.64001500000006,436.02999900000003,441.14999400000005,441.14999400000005,62079440,9.738,9.861,9.622,9.68,9.68,68181568,5.51,5.56,5.37,5.44,5.44,43104480,0.2453,0.2516,0.2301,0.2349,0.2349,7820693,0.02456,0.02462,0.02305,0.02377,0.02377,1095027
60,BTC,2018-10-29,6405.81,22077.76,1371.76,6403.62,3866694.531986524,805951.0,ETH,202.14,326.28926,195.0,202.46,1342239.866872251,339200.0,0.4621,0.4766,0.4332,0.4686,0.4686,165720726,LTC,53.602,84.99,1.16982,51.53,756866.004496837,121116.0,441.14999400000005,591.320007,408.980011,569.530029,569.530029,261337724,9.446,9.875,9.332,9.791,9.791,54968189,5.44,5.61,5.05,5.54,5.54,73805065,0.2349,0.2482,0.2186,0.244,0.244,6761454,0.02377,0.02395,0.02171,0.02368,0.02368,1377894
61,BTC,2018-11-05,6403.63,19381.86,1764.14,6423.28,3899263.2924924064,825472.0,ETH,202.44,360.0,170.0,210.06,1852680.82065732,408892.0,0.4686,0.5669,0.4622,0.5069,0.5069,339995620,LTC,83.188186,88.0,40.4,53.88,1329672.75219895,190166.0,569.530029,643.080017,516.849976,533.77002,533.77002,583764221,9.734,9.899,9.42,9.478,9.478,54089711,5.54,5.83,5.29,5.49,5.49,71951389,0.244,0.2772,0.2407,0.2753,0.2753,15781987,0.02368,0.02503,0.02278,0.02307,0.02307,1547527
62,BTC,2018-11-12,6491.8,218937.39,4267.37,6357.54,3971654.41193343,826798.0,ETH,210.06,347.75593,181.88,212.99,2010836.0759870268,435746.0,0.5069,0.5311,0.4112,0.5128,0.5128,390866409,LTC,54.01,88.08005,48.5,50.65,1211283.733834358,174307.0,533.77002,549.450012,264.839996,338.100006,338.100006,494289116,9.435,9.435,7.479,8.007,8.007,42973245,5.49,5.52,4.28,4.65,4.65,159422448,0.2752,0.2834,0.2117,0.25,0.25,17865654,0.02307,0.02331,0.01761,0.019030000000000002,0.019030000000000002,2254193
63,BTC,2018-11-19,6448.0,8300000.0,178.11,8595.854,3872905.207294922,1463739.0,ETH,212.99724894,346.71595,150.00010001,178.96,4450210.270343814,803064.0,0.5128,0.5131,0.3234,0.3782,0.3782,522247454,LTC,51.45,88.0,37.371,42.568000000000005,2506435.260561745,259580.0,338.0,354.76001,173.33999599999999,205.380005,205.380005,5950517,6.859,6.863,4.756,5.169,5.169,30458852,4.65,4.65,3.07,3.4,3.4,294160055,0.25,0.2501,0.1309,0.16,0.16,25377347,0.019030000000000002,0.019719999999999998,0.01103,0.01259,0.01259,3169824
64,BTC,2018-11-26,8595.854,6500000.0,385.3,3932.9,3563381.90874759,2687253.0,ETH,175.9,327.38176,97.744,114.3,12368272.429797836,1688420.0,0.3782,0.4042,0.341,0.3695,0.3695,275960850,LTC,82.576406,82.576406,21.3,31.548000000000002,6013622.002752766,476811.0,205.380005,242.16000400000001,182.5,198.229996,198.229996,1901135,4.901,5.555,4.769,5.254,5.254,18042153,3.4,3.46,2.81,2.87,2.87,138026388,0.16,0.173,0.1344,0.1582,0.1582,12036900,0.01259,0.017159999999999998,0.01138,0.01505,0.01505,2262753
65,BTC,2018-12-03,3936.7,16287.79,2211.55,4103.19,2975637.200383788,2016490.0,ETH,113.55,131.56015583,94.01,114.76,7332851.800001551,1011842.0,0.3695,0.3701,0.2894,0.3136,0.3136,206437637,LTC,31.483,43.0,27.51,33.34,4297082.326596589,334181.0,198.229996,202.880005,95.489998,107.379997,107.379997,17764747,4.913,6.335,4.354,4.84,4.84,67677629,2.87,2.88,1.55,2.05,2.05,210425767,0.1588,0.1617,0.1057,0.1217,0.1217,13284224,0.01505,0.01573,0.01231,0.013930000000000001,0.013930000000000001,1445422
66,BTC,2018-12-10,4102.8,93471.25,130.86,3531.18,2613492.640600359,1867912.0,ETH,114.91,195.0,79.99000001,92.88,8714229.47852955,1118207.0,0.3136,0.3178,0.2815,0.2891,0.2891,98871442,LTC,34.36529045,36.26,22.05,25.3,5102824.516257758,384270.0,107.379997,109.290001,73.83000200000001,79.059998,79.059998,22472359,4.67,5.155,4.449,4.662,4.662,35180320,2.05,2.13,1.77,1.95,1.95,121856510,0.1217,0.1231,0.09141,0.0957,0.0957,5480955,0.013930000000000001,0.014159999999999999,0.01267,0.013219999999999999,0.013219999999999999,967800
67,BTC,2018-12-17,3642.1,155479.57,96.42,3301.5,2285327.523301728,1285916.0,ETH,95.84700000000001,123.75,80.56,85.94,4581263.968092538,649809.0,0.2891,0.3998,0.2866,0.3757,0.3757,271850546,LTC,25.29,27.67599999,3.0000299999999998,25.24,3757395.680364675,261887.0,79.059998,231.399994,78.739998,196.759995,196.759995,287968343,5.081,6.18,4.996,6.072,6.072,54024914,1.95,3.09,1.94,2.87,2.87,274689752,0.0957,0.1346,0.09465,0.1263,0.1263,11583291,0.013219999999999999,0.02302,0.01321,0.02134,0.02134,3576103
68,BTC,2018-12-24,3300.1,28260603.06,878.19,3944.93,2959325.516586918,2022421.0,ETH,86.601,199.88,51.39,129.63,9080843.61421989,1199855.0,0.3757,0.4601,0.334,0.3752,0.3752,263545128,LTC,26.118000000000002,60.0,25.12,33.07,5761932.365023625,397947.0,196.759995,214.580002,141.619995,163.220001,163.220001,173386912,6.184,6.327,5.25,6.039,6.039,49327846,2.87,3.2,2.31,2.75,2.75,177798610,0.1263,0.1438,0.1073,0.1168,0.1168,6887173,0.02134,0.02417,0.018369999999999997,0.02055,0.02055,2556559
69,BTC,2018-12-31,4072.6,92497.62,2250.63,3835.79,3136757.046854196,1503789.0,ETH,133.76,168.68384248,52.01,138.554,10853054.678548828,1370711.0,0.3752,0.3857,0.351,0.3721,0.3721,129515020,LTC,33.08,40.15,27.4,31.56,4231254.601927736,339733.0,163.220001,177.080002,146.550003,166.389999,166.389999,77842024,5.808,6.634,5.797,6.441,6.441,67599210,2.75,3.01,2.54,2.94,2.94,111512790,0.1168,0.1218,0.1084,0.1206,0.1206,3570626,0.02055,0.02414,0.01889,0.02352,0.02352,2701419
70,BTC,2019-01-07,3978.5,37155.73,2335.95,4040.99,2894912.962048458,1028738.0,ETH,138.73,188.99996000000002,55.000130000000006,155.68,6429192.433547401,961236.0,0.3721,0.3918,0.3161,0.3188,0.3188,146298240,LTC,32.821999999999996,43.0,28.5,40.079,3548402.6097302465,278705.0,166.389999,167.940002,122.32,125.370003,125.370003,71515071,6.359,6.963,5.501,5.586,5.586,105355471,2.94,3.05,2.24,2.28,2.28,108593864,0.1206,0.1297,0.1018,0.1024,0.1024,5167256,0.02352,0.03543,0.02097,0.02153,0.02153,8834682
71,BTC,2019-01-14,4169.2,38844.55,2184.51,3514.74,2973650.5294823414,1180244.0,ETH,155.91,190.0,51.45,115.58,5215415.418349447,766371.0,0.3188,0.3442,0.3145,0.32,0.32,87303429,LTC,38.88,50.0,29.41018,29.92,4098386.208243971,303787.0,125.370003,137.240005,120.790001,122.410004,122.410004,38086903,5.826,6.736,5.815,6.458,6.458,86583200,2.28,2.59,2.28,2.36,2.36,65895766,0.1024,0.1122,0.102,0.1031,0.1031,3134540,0.02153,0.02692,0.02103,0.024,0.024,4400737
72,BTC,2019-01-21,3590.9,47597.07,1730.27,3536.72,2687540.904282866,1016059.0,ETH,117.94,142.99999011,82.02,117.43,4888807.360049533,699861.0,0.32,0.3249,0.305,0.3082,0.3082,52888718,LTC,30.539,37.5,29.1,30.61,2697027.8231733683,204237.0,122.410004,135.619995,116.699997,121.400002,121.400002,37284541,6.465,7.209,6.394,7.07,7.07,111942509,2.36,2.54,2.29,2.38,2.38,55928805,0.1031,0.1052,0.09358999999999999,0.09462999999999999,0.09462999999999999,2378178,0.024,0.03128,0.023719999999999998,0.02947,0.02947,4017187
73,BTC,2019-01-28,3586.1,6942.51,2139.56,3531.02,2576776.172054628,816649.0,ETH,119.08,130.79965645,109.26403,113.72,3063964.683426623,530361.0,0.3082,0.3381,0.2836,0.3028,0.3028,127738136,LTC,30.993000000000002,37.49,29.0,32.01,2476421.0562903667,172775.0,121.400002,121.91999799999999,105.519997,118.139999,118.139999,49855102,6.848,7.08,5.975,6.779,6.779,118571063,2.38,2.49,2.18,2.4,2.4,49817682,0.09462999999999999,0.09464,0.0781,0.07915,0.07915,3309371,0.02947,0.02947,0.02437,0.025660000000000002,0.025660000000000002,3490177
74,BTC,2019-02-04,3597.1,54312.41,232.69,3414.78,2480392.801020272,882184.0,ETH,113.44,134.99988000000002,90.03,106.178,4058963.57876926,553922.0,0.3028,0.3216,0.2878,0.3098,0.3098,82777438,LTC,32.611,37.45497912,26.00000031,32.87,2679822.3730174233,193039.0,118.139999,131.990005,110.58000200000001,126.489998,126.489998,47172545,6.742,9.434,6.633,9.172,9.172,190710843,2.4,2.9,2.31,2.89,2.89,50268280,0.07915,0.08388999999999999,0.06744,0.08018,0.08018,3280820,0.025660000000000002,0.02953,0.02514,0.02617,0.02617,3493548
75,BTC,2019-02-11,3501.73867085,6985.33,6.36e-07,3648.84,3052345.9458763762,931223.0,ETH,108.58,131.99999897,90.0,119.525718,4985073.803278051,568667.0,0.3098,0.3137,0.2975,0.3048,0.3048,70519261,LTC,32.88,49.99,28.00000006,47.602,6010276.483484332,374712.0,126.489998,126.660004,117.800003,123.91999799999999,123.91999799999999,33687859,8.989,9.763,8.401,9.232,9.232,181219105,2.89,3.06,2.74,2.92,2.92,69167711,0.08018,0.08194,0.07441,0.07973,0.07973,2464367,0.02617,0.02658,0.02358,0.02429,0.02429,2000672
76,BTC,2019-02-18,3747.7,7192.66,641.75,3629.15,2854338.71318573,959695.0,ETH,123.93,199.99,90.00001,132.33173822,6089220.549663358,642774.0,0.3048,0.3498,0.2983,0.3005,0.3005,167576465,LTC,47.602,48.57942239,35.00000001,47.22,4897065.489569975,322849.0,123.91999799999999,157.66000400000001,123.91999799999999,127.290001,127.290001,116519464,9.84,11.4,9.429,9.995,9.995,148756618,2.92,4.53,2.91,3.61,3.61,271998792,0.07973,0.09732,0.07907,0.08263999999999999,0.08263999999999999,6871187,0.02429,0.0278,0.02278,0.02384,0.02384,3054310
77,BTC,2019-02-25,3693.4733968,1688820.0,16.28,3831.3,3273729.862645024,1369106.0,ETH,136.17,193.0,110.00001,131.75,9632613.083860748,1026072.0,0.3005,0.3428,0.3,0.3129,0.3129,144721824,LTC,43.44,55.75999,38.100000099999995,43.57,6782761.879985916,429031.0,127.290001,138.630005,126.269997,129.639999,129.639999,44618813,10.19,11.88,9.384,11.46,11.46,202613311,3.61,3.79,3.35,3.59,3.59,119053576,0.08263999999999999,0.08996,0.08226,0.08534,0.08534,13466337,0.02384,0.025169999999999998,0.02253,0.02301,0.02301,1637569
78,BTC,2019-03-04,3831.4,5399.0,3545.9252100000003,3789.07610606,556143.344510163,886377.0,ETH,135.3,179.37900000000002,90.00001,129.81,6140971.165508179,652303.0,0.3129,0.3229,0.3005,0.3143,0.3143,95840116,LTC,43.57,59.99989,36.0,47.49,3962466.950868894,284949.0,129.639999,136.619995,121.370003,131.75,131.75,41636958,11.22,15.45,10.9,14.43,14.43,320147870,3.59,3.99,3.15,3.77,3.77,131375353,0.08534,0.1151,0.08108,0.1008,0.1008,19566320,0.02301,0.02452,0.02111,0.02331,0.02331,1628736
79,BTC,2019-03-11,3884.9,5500.0,3203.0,3898.72,426346.847093366,896923.0,ETH,129.81,165.99,100.2,134.74341687,5454803.900179812,610952.0,0.3143,0.3269,0.3009,0.3174,0.3174,93560256,LTC,47.48,62.0,35.01,56.3,6050430.628548183,430715.0,131.75,160.899994,125.809998,155.03999299999998,155.03999299999998,78915439,14.23,16.08,14.1,15.68,15.68,266225576,3.77,3.93,3.49,3.82,3.82,93219518,0.1008,0.1178,0.09627000000000001,0.1095,0.1095,22428100,0.02331,0.02393,0.02185,0.02334,0.02334,948099
80,BTC,2019-03-18,3998.6,4910.0,2600.0,4591.99,434221.610111903,919448.0,ETH,138.19868858,169.99,125.3100111,138.13439837,4975498.488250883,548144.0,0.3174,0.3233,0.3049,0.3085,0.3085,73352934,LTC,56.37,64.78,50.11000001,60.24,4484331.805499506,328702.0,155.03999299999998,170.25,148.369995,164.179993,164.179993,105406736,15.64,17.49,14.16,17.129998999999998,17.129998999999998,282700068,3.82,3.87,3.59,3.68,3.68,62291577,0.1095,0.1195,0.101,0.1039,0.1039,24220174,0.02334,0.02472,0.02228,0.02366,0.02366,1211881
81,BTC,2019-03-25,4068.9,4675.58,3700.0001,3969.52,409716.96508076205,918299.0,ETH,141.72,148.0,130.0,135.38359642,4269049.281031396,505879.0,0.3085,0.3198,0.2882,0.3109,0.3109,84273722,LTC,61.812,64.76800001,50.11000002,59.42899529,3725520.1409140266,276290.0,164.179993,173.899994,153.399994,169.53999299999998,169.53999299999998,72361702,16.84,17.780001000000002,15.63,17.559998999999998,17.559998999999998,293232560,3.68,4.47,3.62,4.25,4.25,127048175,0.1039,0.1162,0.09727000000000001,0.1065,0.1065,25626628,0.02366,0.02419,0.02136,0.02374,0.02374,1484716
82,BTC,2019-04-01,3969.52,4756.98,3172.4,4094.99,410092.677896525,894149.0,ETH,135.36,149.99,127.0,140.89,4199915.278727907,501832.0,0.3109,0.3798,0.3092,0.3638,0.3638,345850858,LTC,59.4390251,64.89999,31.00201,60.35,3059095.405498987,229402.0,169.53999299999998,350.170013,166.919998,321.070007,321.070007,797397986,17.719998999999998,21.24,17.450001,19.07,19.07,294234138,4.25,5.99,4.2,5.48,5.48,270265488,0.1065,0.1353,0.1062,0.1334,0.1334,44653302,0.02374,0.02975,0.02349,0.02905,0.02905,4120717
83,BTC,2019-04-08,4095.0,5990.1594,3800.0,5194.79,833927.0465516441,1838001.0,ETH,141.37771427,191.0,57.11,175.26326721,8812428.442241753,1121688.0,0.3638,0.3715,0.3186,0.3303,0.3303,157653974,LTC,61.486000000000004,100.0,32.8,89.54053866,9282055.325922797,685459.0,321.070007,330.299988,256.190002,290.040009,290.040009,290522179,19.41,20.27,16.66,19.5,19.5,273666885,5.48,6.07,5.1,5.6,5.6,195076190,0.1334,0.1359,0.104,0.1163,0.1163,29711460,0.02905,0.03192,0.02544,0.02723,0.02723,3268497
84,BTC,2019-04-15,5238.9,53000.098,4376.0,5164.27,651062.0926816621,1389980.0,ETH,174.91,190.37326007,111.03031000000001,167.98,7571073.587461024,872310.0,0.3303,0.3489,0.3142,0.3226,0.3226,128053366,LTC,92.794,107.0,59.04600000000001,83.77,9590249.669264726,421581.0,290.040009,335.839996,280.910004,291.329987,291.329987,337971942,19.02,25.629998999999998,18.59,24.24,24.24,533988665,5.6,5.66,5.02,5.26,5.26,85165215,0.1163,0.1269,0.1101,0.1137,0.1137,25440091,0.02723,0.027710000000000002,0.02445,0.02513,0.02513,1468675
85,BTC,2019-04-22,5194.3,6223.4486,3952.0,5297.64,531046.069916905,1047542.0,ETH,169.13,185.0,86.43363724,170.61044712,6193924.39394897,759417.0,0.3226,0.3328,0.2811,0.2983,0.2983,145700347,LTC,84.35,98.99999997,73.04,76.25994527,9206584.297627894,337986.0,291.329987,312.269989,250.350006,255.80000299999998,255.80000299999998,193736530,24.65,25.200001,21.07,22.85,22.85,366511414,5.26,5.45,4.52,4.88,4.88,115678705,0.1137,0.1195,0.0955,0.09632,0.09632,25773818,0.02513,0.025639999999999996,0.022369999999999998,0.02401,0.02401,1758149
86,BTC,2019-04-29,5297.64,6538.9502,941.19,5166.18,1606828.1383469559,2151360.0,ETH,170.49,217.9999,35.66,153.74,26403166.620067123,1375573.0,0.2983,0.3175,0.2895,0.3009,0.3009,93289103,LTC,77.20795539,98.99999996,19.761,67.91,20605167.72337351,522675.0,255.80000299999998,314.380005,232.19999700000002,294.859985,294.859985,254678477,22.700001,24.940001000000002,21.360001,23.049999,23.049999,276302813,4.88,5.41,4.59,5.09,5.09,71565050,0.09632,0.1531,0.09262000000000001,0.09766,0.09766,23835803,0.02401,0.02497,0.02215,0.024059999999999998,0.024059999999999998,1394137
87,BTC,2019-05-06,5155.0,8190.0,4003.0001,5715.86,1332725.67969046,1721887.0,ETH,153.25,210.0,133.9,158.61892802,21607494.444317084,1066895.0,0.3009,0.3393,0.2913,0.3107,0.3107,163268077,LTC,72.22399999999999,98.0,54.51,72.01727562,26700270.05327849,608668.0,294.859985,385.22000099999997,273.929993,356.019989,356.019989,431609882,22.870001000000002,23.040001,18.549999,20.969998999999998,20.969998999999998,342696741,5.09,5.75,4.6,5.34,5.34,104934304,0.09766,0.108,0.08738,0.09883,0.09883,30831009,0.024059999999999998,0.02653,0.02248,0.023780000000000003,0.023780000000000003,2435779
88,BTC,2019-05-13,5715.29,8220.0,5030.0,6973.9,1897190.304495964,2734315.0,ETH,161.24393387,351.75,75.01899999999999,188.23,30331469.04349507,1766421.0,0.3107,0.4787,0.3083,0.4185,0.4185,830190882,LTC,74.81,103.19,64.55,86.06765605,24040976.051881965,711963.0,356.019989,450.80999800000006,338.040009,418.079987,418.079987,775405949,23.469998999999998,36.119999,22.799999,29.32,29.32,701906722,5.34,6.93,5.31,6.47,6.47,198425662,0.09883,0.1676,0.0963,0.1429,0.1429,94996322,0.023780000000000003,0.03291,0.023719999999999998,0.02833,0.02833,5971255
89,BTC,2019-05-20,6930.69,9631.0802,1271.78795868,8200.0,1947505.8605623082,3852696.0,ETH,188.31,1297.99,175.4,265.65,31340638.92244026,2788348.0,0.4185,0.4185,0.3621,0.4092,0.4092,289832875,LTC,86.19925029,116.73,61.351000000000006,95.0,19209269.412613712,883487.0,418.079987,446.73999000000003,368.040009,433.75,433.75,410768489,28.620001000000002,38.259997999999996,28.059998999999998,33.59,33.59,1066332082,6.47,7.05,5.73,6.96,6.96,128846609,0.1429,0.1433,0.1177,0.1336,0.1336,32862099,0.02833,0.03196,0.025710000000000004,0.031139999999999998,0.031139999999999998,3605094
90,BTC,2019-05-27,8193.45,18000.0,6050.0004,8750.01,1007249.056561815,2506576.0,ETH,249.23168646,309.99,180.66,268.22,12743676.428988798,1417068.0,0.4092,0.4743,0.402,0.4447,0.4447,502126345,LTC,95.03,125.88,61.858000000000004,112.53716415,13312511.94097838,601288.0,433.75,482.51000999999997,402.170013,441.57000700000003,441.57000700000003,363336608,33.810001,35.360001000000004,30.68,33.25,33.25,799310667,6.96,8.69,6.86,7.73,7.73,476709649,0.1336,0.1443,0.1239,0.1368,0.1368,44414256,0.031139999999999998,0.04086,0.02973,0.03835,0.03835,9027247
91,BTC,2019-06-03,8762.66815669,940000.0,6900.0,8736.55,998009.710765867,2369946.0,ETH,268.5,789.5889999999999,1.011,269.23,13948384.01351074,1310130.0,0.4447,0.4641,0.371,0.3858,0.3858,364598590,LTC,113.77,140.0,70.618,114.62,14680789.698336175,707934.0,441.57000700000003,447.049988,363.730011,380.679993,380.679993,290792162,30.879998999999998,32.23,28.719998999999998,30.209999,30.209999,547915909,7.73,7.73,5.92,6.15,6.15,218482522,0.1368,0.1399,0.117,0.1188,0.1188,25298306,0.03835,0.03928,0.02913,0.0298,0.0298,5955332
92,BTC,2019-06-10,8745.01,20037.708,13.0,7634.58,830701.5091607979,2180152.0,ETH,269.27,1097.453,100.0,234.07,10113242.22486144,994478.0,0.3858,0.4425,0.3806,0.4282,0.4282,255653664,LTC,114.64,160.0,86.02,114.71,14212209.657411108,660379.0,380.679993,440.51998899999995,374.0,427.540009,427.540009,230922537,31.700001,37.369999,30.889999,32.25,32.25,808537693,6.15,7.218,6.05,6.997,6.997,132706634,0.1188,0.1333,0.1173,0.1299,0.1299,23282519,0.0298,0.03372,0.029189999999999997,0.03275,0.03275,4373178
93,BTC,2019-06-17,7633.3,18000.0,7390.0,8953.32,655888.0619724779,1884715.0,ETH,231.21,280.04,1.0290000000000001,268.33,8664419.09271105,934444.0,0.4282,0.5092,0.4187,0.4688,0.4688,495288447,LTC,114.77,168.99999998,58.75,137.0,12612056.4116934,813187.0,427.540009,515.469971,402.660004,475.76000999999997,475.76000999999997,300445861,33.529999,41.189999,32.880001,37.080002,37.080002,845920298,6.997,7.631,6.642,7.265,7.265,153920306,0.1299,0.1348,0.1207,0.1274,0.1274,34245344,0.03275,0.03873,0.03213,0.03703,0.03703,4213941
94,BTC,2019-06-24,8985.9,13899.9,5839.37,10705.44,867567.2908531809,2557069.0,ETH,266.64,720.0,166.13,308.52,8583550.383967495,1111633.0,0.4688,0.4932,0.3898,0.3934,0.3934,573367045,LTC,137.0,172.04,59.99,137.5,11211346.945851836,707929.0,475.76000999999997,515.77002,385.049988,399.299988,399.299988,416666954,37.700001,39.889998999999996,29.379998999999998,31.969998999999998,31.969998999999998,711841937,7.265,7.391,5.554,5.757,5.757,231858052,0.1274,0.1319,0.1029,0.1043,0.1043,44838620,0.03703,0.04015,0.03003,0.03174,0.03174,6667287
95,BTC,2019-07-01,10909.0,15980.0,8004.2,10752.3,1348565.712976459,4347181.0,ETH,308.42,711.9999999,250.0,290.8,11991571.63168432,1687369.0,0.3934,0.4193,0.3742,0.3986,0.3986,244069384,LTC,137.5,159.99999998,98.35,122.0,10311034.04319816,994594.0,399.299988,423.07000700000003,381.440002,412.549988,412.549988,181854690,31.450001,37.360001000000004,30.200001,33.16,33.16,439226442,5.757,6.162,5.559,5.967,5.967,84294766,0.1043,0.1094,0.09799,0.1061,0.1061,19897041,0.03174,0.03558,0.03036,0.035,0.035,2757489
96,BTC,2019-07-08,10800.0,25528920.02751474,7300.0,11430.90250516,863312.3891431871,2854981.0,ETH,290.8,100007.0,241.1,306.34,6130588.156809888,918602.0,0.3986,0.4081,0.2999,0.3046,0.3046,277690719,LTC,122.03,1000.0,102.53,123.0,5274138.636387975,585566.0,412.549988,428.35998499999994,275.170013,281.76001,281.76001,366118455,33.900002,35.029999,26.1,28.52,28.52,82283928,5.967,6.047,4.052,4.118,4.118,121434210,0.1061,0.1062,0.08507999999999999,0.08563,0.08563,23578120,0.035,0.0358,0.02502,0.02521,0.02521,4002379
97,BTC,2019-07-15,11424.7175309,15980.0,9351.1,10194.999,821021.5803501309,2929706.0,ETH,306.57,397.0,191.91,225.89,6684682.642691992,991279.0,0.3046,0.342,0.2838,0.3308,0.3308,247329050,LTC,118.89337076,300.0,3.3,89.67,7382663.152010914,696288.0,281.76001,342.649994,255.25999500000003,320.929993,320.929993,510411169,28.77,31.790001,24.4,30.43,30.43,57345648,4.118,4.481,3.311,4.32,4.32,137606119,0.08563,0.09833,0.07591,0.09106,0.09106,21343894,0.02521,0.030610000000000002,0.02043,0.02913,0.02913,3816581
98,BTC,2019-07-22,10199.0,23500.0,8999.0,10588.79,795539.126801436,2786509.0,ETH,235.2,391.999,118.08,225.38,9206169.772711577,1172144.0,0.3308,0.3323,0.303,0.316,0.316,66818421,LTC,90.63379499999999,134.0,68.27,99.76,8105845.651196768,752869.0,320.929993,324.47000099999997,282.700012,302.630005,302.630005,163515567,29.32,31.799999,28.66,28.860001,28.860001,12999306,4.32,4.651,3.94,4.585,4.585,54053650,0.09106,0.09172999999999999,0.08164,0.08602,0.08602,4500915,0.02913,0.02995,0.022019999999999998,0.02386,0.02386,1718333
